hero,Alignment,Gender,Eyecolor,Race,Haircolor,Publisher,Skincolor
A-Bomb,good,Male,yellow,Human,No Hair,Marvel Comics,-
Abe Sapien,good,Male,blue,Icthyo Sapien,No Hair,Dark Horse Comics,blue
Abin Sur,good,Male,blue,Ungaran,No Hair,DC Comics,red
Abomination,bad,Male,green,Human / Radiation,No Hair,Marvel Comics,-
Abraxas,bad,Male,blue,Cosmic Entity,Black,Marvel Comics,-
Absorbing Man,bad,Male,blue,Human,No Hair,Marvel Comics,-
Adam Monroe,good,Male,blue,-,Blond,NBC - Heroes,-
Adam Strange,good,Male,blue,Human,Blond,DC Comics,-
Agent 13,good,Female,blue,-,Blond,Marvel Comics,-
Agent Bob,good,Male,brown,Human,Brown,Marvel Comics,-
Agent Zero,good,Male,-,-,-,Marvel Comics,-
Air-Walker,bad,Male,blue,-,White,Marvel Comics,-
Ajax,bad,Male,brown,Cyborg,Black,Marvel Comics,-
Alan Scott,good,Male,blue,-,Blond,DC Comics,-
Alex Mercer,bad,Male,-,Human,-,Wildstorm,-
Alex Woolsly,good,Male,-,-,-,NBC - Heroes,-
Alfred Pennyworth,good,Male,blue,Human,Black,DC Comics,-
Alien,bad,Male,-,Xenomorph XX121,No Hair,Dark Horse Comics,black
Allan Quatermain,good,Male,-,-,-,Wildstorm,-
Amazo,bad,Male,red,Android,-,DC Comics,-
Ammo,bad,Male,brown,Human,Black,Marvel Comics,-
Ando Masahashi,good,Male,-,-,-,NBC - Heroes,-
Angel,good,Male,blue,-,Blond,Marvel Comics,-
Angel Dust,good,Female,yellow,Mutant,Black,Marvel Comics,-
Angel Salvadore,good,Female,brown,-,Black,Marvel Comics,-
Angela,bad,Female,-,-,-,Image Comics,-
Animal Man,good,Male,blue,Human,Blond,DC Comics,-
Annihilus,bad,Male,green,-,No Hair,Marvel Comics,-
Ant-Man,good,Male,blue,Human,Blond,Marvel Comics,-
Ant-Man II,good,Male,blue,Human,Blond,Marvel Comics,-
Anti-Monitor,bad,Male,yellow,God / Eternal,No Hair,DC Comics,-
Anti-Spawn,bad,Male,-,-,-,Image Comics,-
Anti-Venom,-,Male,blue,Symbiote,Blond,Marvel Comics,-
Apocalypse,bad,Male,red,Mutant,Black,Marvel Comics,grey
Aquababy,good,Male,blue,-,Blond,DC Comics,-
Aqualad,good,Male,blue,Atlantean,Black,DC Comics,-
Aquaman,good,Male,blue,Atlantean,Blond,DC Comics,-
Arachne,good,Female,blue,Human,Blond,Marvel Comics,-
Archangel,good,Male,blue,Mutant,Blond,Marvel Comics,blue
Arclight,bad,Female,violet,-,Purple,Marvel Comics,-
Ardina,good,Female,white,Alien,Orange,Marvel Comics,gold
Ares,good,Male,brown,-,Brown,Marvel Comics,-
Ariel,good,Female,purple,-,Pink,Marvel Comics,-
Armor,good,Female,black,-,Black,Marvel Comics,-
Arsenal,good,Male,-,Human,-,DC Comics,-
Astro Boy,good,Male,brown,-,Black,,-
Atlas,good,Male,brown,Mutant,Red,Marvel Comics,-
Atom,good,Male,blue,-,Red,DC Comics,-
Atom Girl,good,Female,black,-,Black,DC Comics,-
Atom II,good,Male,brown,Human,Auburn,DC Comics,-
Atom III,good,Male,-,-,Red,DC Comics,-
Atom IV,good,Male,brown,-,Black,DC Comics,-
Aurora,good,Female,blue,Mutant,Black,Marvel Comics,-
Azazel,bad,Male,yellow,Neyaphem,Black,Marvel Comics,red
Azrael,good,Male,brown,Human,Black,DC Comics,-
Aztar,good,Male,-,-,-,DC Comics,-
Bane,bad,Male,-,Human,-,DC Comics,-
Banshee,good,Male,green,Human,Strawberry Blond,Marvel Comics,-
Bantam,good,Male,brown,-,Black,Marvel Comics,-
Batgirl,good,Female,-,-,-,DC Comics,-
Batgirl III,good,Female,-,-,-,DC Comics,-
Batgirl IV,good,Female,green,Human,Black,DC Comics,-
Batgirl V,good,Female,-,-,-,DC Comics,-
Batgirl VI,good,Female,blue,-,Blond,DC Comics,-
Batman,good,Male,blue,Human,black,DC Comics,-
Batman II,good,Male,blue,Human,Black,DC Comics,-
Battlestar,good,Male,brown,-,Black,Marvel Comics,-
Batwoman V,good,Female,green,Human,Red,DC Comics,-
Beak,good,Male,black,-,White,Marvel Comics,-
Beast,good,Male,blue,Mutant,Blue,Marvel Comics,blue
Beast Boy,good,Male,green,Human,Green,DC Comics,green
Beetle,bad,Male,-,-,-,Marvel Comics,-
Ben 10,good,Male,-,-,-,DC Comics,-
Beta Ray Bill,good,Male,-,-,No Hair,Marvel Comics,-
Beyonder,good,Male,-,God / Eternal,-,Marvel Comics,-
Big Barda,bad,Female,blue,New God,Black,DC Comics,-
Big Daddy,good,Male,-,-,-,Icon Comics,-
Big Man,bad,Male,blue,-,Brown,Marvel Comics,-
Bill Harken,good,Male,-,Alpha,-,SyFy,-
Billy Kincaid,bad,Male,-,-,-,Image Comics,-
Binary,good,Female,blue,-,Blond,Marvel Comics,-
Bionic Woman,good,Female,blue,Cyborg,Black,,-
Bird-Brain,good,-,-,-,-,Marvel Comics,-
Bird-Man,bad,Male,-,Human,-,Marvel Comics,-
Bird-Man II,bad,Male,-,Human,-,Marvel Comics,-
Birdman,good,Male,-,God / Eternal,-,Hanna-Barbera,-
Bishop,good,Male,brown,Mutant,No Hair,Marvel Comics,-
Bizarro,neutral,Male,black,Bizarro,Black,DC Comics,white
Black Abbott,bad,Male,red,-,Black,Marvel Comics,-
Black Adam,bad,Male,brown,-,Black,DC Comics,-
Black Bolt,good,Male,blue,Inhuman,Black,Marvel Comics,-
Black Canary,good,Female,blue,Human,Blond,DC Comics,-
Black Cat,good,Female,green,Human,Blond,Marvel Comics,-
Black Flash,neutral,Male,-,God / Eternal,-,DC Comics,-
Black Goliath,good,Male,-,-,-,Marvel Comics,-
Black Knight III,good,Male,brown,Human,Brown,Marvel Comics,-
Black Lightning,good,Male,brown,-,No Hair,DC Comics,-
Black Mamba,bad,Female,green,-,Black,Marvel Comics,-
Black Manta,bad,Male,black,Human,No Hair,DC Comics,-
Black Panther,good,Male,brown,Human,Black,Marvel Comics,-
Black Widow,good,Female,green,Human,Auburn,Marvel Comics,-
Black Widow II,good,Female,blue,-,Blond,Marvel Comics,-
Blackout,bad,Male,red,Demon,White,Marvel Comics,white
Blackwing,bad,Male,blue,-,Black,Marvel Comics,-
Blackwulf,-,Male,red,Alien,White,Marvel Comics,-
Blade,good,Male,brown,Vampire,Black,Marvel Comics,-
Blaquesmith,good,-,black,-,No Hair,Marvel Comics,-
Bling!,good,Female,-,-,-,Marvel Comics,-
Blink,good,Female,green,Mutant,Magenta,Marvel Comics,pink
Blizzard,bad,Male,-,-,-,Marvel Comics,-
Blizzard II,bad,Male,brown,-,Brown,Marvel Comics,-
Blob,bad,Male,brown,-,Brown,Marvel Comics,-
Bloodaxe,bad,Female,blue,Human,Brown,Marvel Comics,-
Bloodhawk,good,Male,black,Mutant,No Hair,Marvel Comics,-
Bloodwraith,bad,Male,white,-,No Hair,Marvel Comics,-
Blue Beetle,good,Male,blue,-,Brown,DC Comics,-
Blue Beetle II,good,Male,blue,-,Brown,DC Comics,-
Blue Beetle III,good,Male,brown,Human,Black,DC Comics,-
Boba Fett,bad,Male,brown,Human / Clone,Black,George Lucas,-
Bolt,good,Male,-,-,-,Marvel Comics,-
Bomb Queen,bad,Female,-,-,-,Image Comics,-
Boom-Boom,good,Female,blue,Mutant,Blond,Marvel Comics,-
Boomer,good,Female,-,-,-,Marvel Comics,-
Booster Gold,good,Male,blue,Human,Blond,DC Comics,-
Box,good,Male,-,-,-,Marvel Comics,-
Box III,good,-,blue,-,Blond,Marvel Comics,-
Box IV,good,-,brown,-,Brown / Black,Marvel Comics,-
Brainiac,bad,Male,green,Android,No Hair,DC Comics,green
Brainiac 5,good,Male,green,-,Blond,DC Comics,-
Brother Voodoo,good,Male,brown,Human,Brown / White,Marvel Comics,-
Brundlefly,-,Male,-,Mutant,-,,-
Buffy,good,Female,green,Human,Blond,Dark Horse Comics,-
Bullseye,bad,Male,blue,Human,blond,Marvel Comics,-
Bumblebee,good,Female,brown,Human,Black,DC Comics,-
Bumbleboy,good,Male,-,-,-,Marvel Comics,-
Bushido,good,Male,-,Human,-,DC Comics,-
Cable,good,Male,blue,Mutant,White,Marvel Comics,-
Callisto,bad,Female,blue,-,Black,Marvel Comics,-
Cameron Hicks,good,Male,-,Alpha,-,SyFy,-
Cannonball,good,Male,blue,-,Blond,Marvel Comics,-
Captain America,good,Male,blue,Human,blond,Marvel Comics,-
Captain Atom,good,Male,blue,Human / Radiation,Silver,DC Comics,silver
Captain Britain,good,Male,blue,Human,Blond,Marvel Comics,-
Captain Cold,neutral,Male,brown,Human,Brown,DC Comics,-
Captain Epic,good,Male,blue,-,Brown,Team Epic TV,-
Captain Hindsight,good,Male,-,Human,Black,South Park,-
Captain Mar-vell,good,Male,blue,-,Blond,Marvel Comics,-
Captain Marvel,good,Female,blue,Human-Kree,Blond,Marvel Comics,-
Captain Marvel II,good,Male,blue,Human,Black,DC Comics,-
Captain Midnight,good,Male,-,Human,-,Dark Horse Comics,-
Captain Planet,good,Male,red,God / Eternal,Green,Marvel Comics,-
Captain Universe,good,-,-,God / Eternal,-,Marvel Comics,-
Carnage,bad,Male,green,Symbiote,Red,Marvel Comics,-
Cat,good,Female,blue,-,Blond,Marvel Comics,-
Cat II,good,Female,-,-,-,Marvel Comics,-
Catwoman,good,Female,green,Human,Black,DC Comics,-
Cecilia Reyes,good,-,brown,-,Brown,Marvel Comics,-
Century,good,Male,white,Alien,White,Marvel Comics,grey
Cerebra,good,Female,-,Mutant,-,Marvel Comics,-
Chamber,good,Male,brown,Mutant,Brown,Marvel Comics,-
Chameleon,bad,Male,-,-,-,DC Comics,-
Changeling,bad,Male,brown,-,Black,Marvel Comics,-
Cheetah,bad,Female,green,Human,Blond,DC Comics,-
Cheetah II,bad,Female,green,Human,Brown,DC Comics,-
Cheetah III,bad,Female,brown,Human,Brown,DC Comics,-
Chromos,bad,Male,brown,-,Red / Grey,Team Epic TV,-
Chuck Norris,good,Male,-,-,-,,-
Citizen Steel,good,Male,green,Human,Red,DC Comics,-
Claire Bennet,good,Female,blue,-,Blond,NBC - Heroes,-
Clea,good,-,-,-,White,Marvel Comics,-
Cloak,good,Male,brown,-,black,Marvel Comics,-
Clock King,bad,Male,blue,Human,Black,DC Comics,-
Cogliostro,bad,Male,-,-,-,Image Comics,-
Colin Wagner,good,Male,grey,-,Brown,HarperCollins,-
Colossal Boy,good,Male,-,-,-,DC Comics,-
Colossus,good,Male,silver,Mutant,Black,Marvel Comics,-
Copycat,neutral,Female,red,Mutant,White,Marvel Comics,blue
Corsair,good,Male,brown,-,Brown,Marvel Comics,-
Cottonmouth,bad,Male,brown,Human,Black,Marvel Comics,-
Crimson Crusader,good,Male,blue,-,Strawberry Blond,Marvel Comics,-
Crimson Dynamo,good,Male,brown,-,No Hair,Marvel Comics,-
Crystal,good,Female,green,Inhuman,Red,Marvel Comics,-
Curse,bad,Male,-,-,-,Image Comics,-
Cy-Gor,bad,Male,-,-,-,Image Comics,-
Cyborg,good,Male,brown,Cyborg,Black,DC Comics,-
Cyborg Superman,bad,Male,blue,Cyborg,Black,DC Comics,-
Cyclops,good,Male,brown,Mutant,Brown,Marvel Comics,-
Cypher,good,-,blue,-,Blond,Marvel Comics,-
DL Hawkins,good,Male,-,-,-,NBC - Heroes,-
Dagger,good,Female,blue,-,Blond,Marvel Comics,-
Danny Cooper,good,Male,brown,-,Blond,HarperCollins,-
Daphne Powell,good,Female,-,-,-,ABC Studios,-
Daredevil,good,Male,blue,Human,Red,Marvel Comics,-
Darkhawk,good,Male,brown,Human,Brown,Marvel Comics,-
Darkman,good,Male,-,-,-,Universal Studios,-
Darkseid,bad,Male,red,New God,No Hair,DC Comics,grey
Darkside,bad,-,-,-,-,,-
Darkstar,good,Female,brown,Mutant,Blond,Marvel Comics,-
Darth Maul,bad,Male,yellow / red,Dathomirian Zabrak,-,George Lucas,red / black
Darth Vader,bad,Male,yellow,Cyborg,No Hair,George Lucas,-
Dash,good,Male,blue,Human,Blond,Dark Horse Comics,-
Data,good,Male,yellow,Android,Brown,Star Trek,-
Dazzler,good,Female,blue,Mutant,Blond,Marvel Comics,-
Deadman,good,Male,blue,Human,Black,DC Comics,-
Deadpool,neutral,Male,brown,Mutant,No Hair,Marvel Comics,-
Deadshot,bad,Male,brown,Human,Brown,DC Comics,-
Deathlok,good,Male,brown,Cyborg,Grey,Marvel Comics,-
Deathstroke,neutral,Male,blue,Human,White,DC Comics,-
Demogoblin,bad,Male,red,Demon,No Hair,Marvel Comics,-
Destroyer,bad,Male,-,-,-,Marvel Comics,-
Diamondback,bad,Male,brown,Human,Black,Marvel Comics,-
Doc Samson,good,Male,blue,Human / Radiation,Green,Marvel Comics,-
Doctor Doom,bad,Male,brown,Human,Brown,Marvel Comics,-
Doctor Doom II,bad,Male,brown,-,Brown,Marvel Comics,-
Doctor Fate,good,Male,blue,Human,Blond,DC Comics,-
Doctor Octopus,bad,Male,brown,Human,Brown,Marvel Comics,-
Doctor Strange,good,Male,grey,Human,Black,Marvel Comics,-
Domino,good,Female,blue,Human,Black,Marvel Comics,white
Donatello,good,Male,green,Mutant,No Hair,IDW Publishing,green
Donna Troy,good,Female,blue,Amazon,Black,DC Comics,-
Doomsday,bad,Male,red,Alien,White,DC Comics,-
Doppelganger,bad,Male,white,-,No Hair,Marvel Comics,-
Dormammu,bad,Male,yellow,-,No Hair,Marvel Comics,-
Dr Manhattan,good,Male,white,Human / Cosmic,No Hair,DC Comics,blue
Drax the Destroyer,good,Male,red,Human / Altered,No Hair,Marvel Comics,green
ERG-1,good,Male,-,-,-,DC Comics,-
Ego,bad,-,-,-,-,Marvel Comics,-
Elastigirl,good,Female,brown,Human,Brown,Dark Horse Comics,-
Electro,bad,Male,blue,Human,Auburn,Marvel Comics,-
Elektra,good,Female,blue,Human,Black,Marvel Comics,-
Elle Bishop,bad,Female,blue,-,Blond,NBC - Heroes,-
Elongated Man,good,Male,blue,-,Red,DC Comics,-
Emma Frost,good,Female,blue,-,Blond,Marvel Comics,-
Enchantress,good,Female,blue,Human,Blond,DC Comics,-
Energy,good,Female,-,-,-,HarperCollins,-
Ethan Hunt,good,Male,brown,Human,Brown,,-
Etrigan,neutral,Male,red,Demon,No Hair,DC Comics,yellow
Evil Deadpool,bad,Male,white,Mutant,Red,Marvel Comics,-
Evilhawk,bad,Male,red,Alien,Black,Marvel Comics,green
Exodus,bad,Male,blue,Mutant,Black,Marvel Comics,red
Fabian Cortez,bad,-,blue,-,Brown,Marvel Comics,-
Falcon,good,Male,brown,Human,Black,Marvel Comics,-
Fallen One II,bad,Male,black,-,Blue,Marvel Comics,-
Faora,bad,Female,-,Kryptonian,-,DC Comics,-
Feral,good,-,yellow (without irises),-,Orange / White,Marvel Comics,-
Fighting Spirit,good,Female,-,-,Red,DC Comics,-
Fin Fang Foom,good,Male,red,Kakarantharaian,No Hair,Marvel Comics,green
Firebird,good,Female,brown,-,Black,Marvel Comics,-
Firelord,good,-,white,-,Yellow,Marvel Comics,-
Firestar,good,Female,green,Mutant,Red,Marvel Comics,-
Firestorm,good,Male,brown,-,Black,DC Comics,-
Fixer,bad,-,red,-,No Hair,Marvel Comics,-
Flash,good,Male,blue,Human,Brown / White,DC Comics,-
Flash Gordon,good,Male,-,-,-,,-
Flash II,good,Male,blue,Human,Blond,DC Comics,-
Flash III,good,Male,-,Human,-,DC Comics,-
Flash IV,good,Male,yellow,Human,Auburn,DC Comics,-
Forge,good,-,brown,-,Black,Marvel Comics,-
Franklin Richards,good,Male,blue,Mutant,Blond,Marvel Comics,-
Franklin Storm,good,-,blue,-,Grey,Marvel Comics,-
Frenzy,bad,Female,brown,-,Black,Marvel Comics,-
Frigga,good,Female,blue,-,White,Marvel Comics,-
Galactus,neutral,Male,black,Cosmic Entity,Black,Marvel Comics,-
Gambit,good,Male,red,Mutant,Brown,Marvel Comics,-
Gamora,good,Female,yellow,Zen-Whoberian,Black,Marvel Comics,green
Garbage Man,good,Male,-,Mutant,-,DC Comics,-
Gary Bell,good,Male,-,Alpha,-,SyFy,-
General Zod,bad,Male,black,Kryptonian,Black,DC Comics,-
Genesis,good,Male,blue,-,Blond,Marvel Comics,-
Ghost Rider,good,Male,red,Demon,No Hair,Marvel Comics,-
Ghost Rider II,good,-,-,-,-,Marvel Comics,-
Giant-Man,good,Male,-,Human,-,Marvel Comics,-
Giant-Man II,good,Male,-,-,-,Marvel Comics,-
Giganta,bad,Female,green,-,Red,DC Comics,-
Gladiator,neutral,Male,blue,Strontian,Blue,Marvel Comics,purple
Goblin Queen,bad,Female,green,-,Red,Marvel Comics,-
Godzilla,bad,-,-,Kaiju,-,,grey
Gog,bad,Male,-,-,-,DC Comics,-
Goku,good,Male,-,Saiyan,-,Shueisha,-
Goliath,good,Male,-,-,-,Marvel Comics,-
Goliath IV,good,Male,brown,-,Black,Marvel Comics,-
Gorilla Grodd,bad,Male,yellow,Gorilla,Black,DC Comics,-
Granny Goodness,bad,Female,blue,-,White,DC Comics,-
Gravity,good,Male,blue,Human,Brown,Marvel Comics,-
Greedo,bad,Male,purple,Rodian,-,George Lucas,green
Green Arrow,good,Male,green,Human,Blond,DC Comics,-
Green Goblin,bad,Male,blue,Human,Auburn,Marvel Comics,-
Green Goblin II,bad,Male,blue,-,Auburn,Marvel Comics,-
Green Goblin III,good,Male,-,-,-,Marvel Comics,-
Green Goblin IV,good,Male,green,-,Brown,Marvel Comics,-
Groot,good,Male,yellow,Flora Colossus,-,Marvel Comics,-
Guardian,good,Male,brown,Human,Black,Marvel Comics,-
Guy Gardner,good,Male,blue,Human-Vuldarian,Red,DC Comics,-
Hal Jordan,good,Male,brown,Human,Brown,DC Comics,-
Han Solo,good,Male,brown,Human,Brown,George Lucas,-
Hancock,good,Male,brown,Human,Black,Sony Pictures,-
Harley Quinn,bad,Female,blue,Human,Blond,DC Comics,-
Harry Potter,good,Male,green,Human,Black,J. K. Rowling,-
Havok,good,Male,blue,Mutant,Blond,Marvel Comics,-
Hawk,good,Male,red,-,Brown,DC Comics,-
Hawkeye,good,Male,blue,Human,Blond,Marvel Comics,-
Hawkeye II,good,Female,blue,Human,Black,Marvel Comics,-
Hawkgirl,good,Female,green,-,Red,DC Comics,-
Hawkman,good,Male,blue,-,Brown,DC Comics,-
Hawkwoman,good,Female,green,-,Red,DC Comics,-
Hawkwoman II,good,Female,-,-,-,DC Comics,-
Hawkwoman III,good,Female,blue,-,Red,DC Comics,-
Heat Wave,bad,Male,blue,Human,No Hair,DC Comics,-
Hela,bad,Female,green,Asgardian,Black,Marvel Comics,-
Hellboy,good,Male,gold,Demon,Black,Dark Horse Comics,-
Hellcat,good,Female,blue,Human,Red,Marvel Comics,-
Hellstorm,good,Male,red,-,Red,Marvel Comics,-
Hercules,good,Male,blue,Demi-God,Brown,Marvel Comics,-
Hiro Nakamura,good,Male,-,-,-,NBC - Heroes,-
Hit-Girl,good,Female,-,Human,-,Icon Comics,-
Hobgoblin,bad,Male,blue,-,Grey,Marvel Comics,-
Hollow,good,Female,blue,-,Red,Marvel Comics,-
Hope Summers,good,Female,green,-,Red,Marvel Comics,-
Howard the Duck,good,Male,brown,-,Yellow,Marvel Comics,-
Hulk,good,Male,green,Human / Radiation,Green,Marvel Comics,green
Human Torch,good,Male,blue,Human / Radiation,Blond,Marvel Comics,-
Huntress,good,Female,blue,-,Black,DC Comics,-
Husk,good,Female,blue,Mutant,Blond,Marvel Comics,-
Hybrid,good,Male,brown,Symbiote,Black,Marvel Comics,-
Hydro-Man,bad,Male,brown,-,Brown,Marvel Comics,-
Hyperion,good,Male,blue,Eternal,Red,Marvel Comics,-
Iceman,good,Male,brown,Mutant,Brown,Marvel Comics,-
Impulse,good,Male,yellow,Human,Auburn,DC Comics,-
Indiana Jones,good,Male,-,Human,-,George Lucas,-
Indigo,neutral,Female,-,Alien,Purple,DC Comics,-
Ink,good,Male,blue,Mutant,No Hair,Marvel Comics,-
Invisible Woman,good,Female,blue,Human / Radiation,Blond,Marvel Comics,-
Iron Fist,good,Male,blue,Human,Blond,Marvel Comics,-
Iron Man,good,Male,blue,Human,Black,Marvel Comics,-
Iron Monger,bad,Male,blue,-,No Hair,Marvel Comics,-
Isis,good,Female,-,-,-,DC Comics,-
JJ Powell,good,Male,-,-,-,ABC Studios,-
Jack Bauer,good,Male,-,-,-,,-
Jack of Hearts,good,Male,blue / white,Human,Brown,Marvel Comics,-
Jack-Jack,good,Male,blue,Human,Brown,Dark Horse Comics,-
James Bond,good,Male,blue,Human,Blond,Titan Books,-
James T. Kirk,good,Male,hazel,Human,Brown,Star Trek,-
Jar Jar Binks,good,Male,yellow,Gungan,-,George Lucas,orange / white
Jason Bourne,good,Male,-,Human,-,,-
Jean Grey,good,Female,green,Mutant,Red,Marvel Comics,-
Jennifer Kale,good,Female,blue,-,Blond,Marvel Comics,-
Jesse Quick,good,Female,-,Human,-,DC Comics,-
Jessica Cruz,good,Female,green,Human,Brown,DC Comics,-
Jessica Jones,good,Female,brown,Human,Brown,Marvel Comics,-
Jessica Sanders,good,Female,-,-,-,NBC - Heroes,-
Jigsaw,bad,Male,blue,-,Black,Marvel Comics,-
Jim Powell,good,Male,-,-,-,ABC Studios,-
Johann Krauss,good,Male,-,-,-,Dark Horse Comics,-
John Constantine,good,Male,blue,Human,Blond,DC Comics,-
John Stewart,good,Male,green,Human,Black,DC Comics,-
John Wraith,good,Male,brown,-,Black,Marvel Comics,-
Joker,bad,Male,green,Human,Green,DC Comics,white
Jolt,good,Female,blue,-,Black,Marvel Comics,-
Jubilee,good,Female,red,Mutant,Black,Marvel Comics,-
Judge Dredd,good,Male,-,Human,-,Rebellion,-
Juggernaut,neutral,Male,blue,Human,Red,Marvel Comics,-
Junkpile,bad,Male,-,Mutant,-,Marvel Comics,-
Justice,good,Male,hazel,Human,Brown,Marvel Comics,-
Jyn Erso,good,Female,green,Human,Brown,George Lucas,-
K-2SO,good,Male,white,Android,No Hair,George Lucas,gray
Kang,bad,Male,brown,-,Brown,Marvel Comics,-
Karate Kid,good,Male,brown,Human,Brown,DC Comics,-
Kathryn Janeway,good,Female,-,Human,-,Star Trek,-
Katniss Everdeen,good,Female,-,Human,-,,-
Kevin 11,good,Male,-,Human,Black,DC Comics,-
Kick-Ass,good,Male,blue,Human,Blond,Icon Comics,-
Kid Flash,good,Male,green,Human,Red,DC Comics,-
Kid Flash II,good,Male,-,-,-,DC Comics,-
Killer Croc,bad,Male,red,Metahuman,No Hair,DC Comics,green
Killer Frost,bad,Female,blue,Human,Blond,DC Comics,blue
Kilowog,good,Male,red,Bolovaxian,No Hair,DC Comics,pink
King Kong,good,Male,yellow,Animal,Black,,-
King Shark,bad,Male,black,Animal,No Hair,DC Comics,-
Kingpin,bad,Male,blue,Human,No Hair,Marvel Comics,-
Klaw,bad,Male,red,Human,No Hair,Marvel Comics,red
Kool-Aid Man,good,Male,black,-,No Hair,,red
Kraven II,bad,Male,brown,Human,Black,Marvel Comics,-
Kraven the Hunter,bad,Male,brown,Human,Black,Marvel Comics,-
Krypto,good,Male,blue,Kryptonian,White,DC Comics,-
Kyle Rayner,good,Male,green,Human,Black,DC Comics,-
Kylo Ren,bad,Male,-,Human,-,George Lucas,-
Lady Bullseye,bad,Female,-,-,Black,Marvel Comics,-
Lady Deathstrike,bad,Female,brown,Cyborg,Black,Marvel Comics,-
Leader,bad,Male,green,-,No Hair,Marvel Comics,-
Leech,good,Male,-,-,-,Marvel Comics,-
Legion,good,Male,green / blue,Mutant,Black,Marvel Comics,-
Leonardo,good,Male,blue,Mutant,No Hair,IDW Publishing,green
Lex Luthor,bad,Male,green,Human,No Hair,DC Comics,-
Light Lass,good,Female,blue,-,Red,DC Comics,-
Lightning Lad,good,Male,blue,-,Red,DC Comics,-
Lightning Lord,bad,Male,blue,-,Red,DC Comics,-
Living Brain,bad,-,yellow,-,-,Marvel Comics,-
Living Tribunal,neutral,-,blue,Cosmic Entity,No Hair,Marvel Comics,gold
Liz Sherman,good,Female,-,-,-,Dark Horse Comics,-
Lizard,bad,Male,red,Human,No Hair,Marvel Comics,-
Lobo,neutral,Male,red,Czarnian,Black,DC Comics,blue-white
Loki,bad,Male,green,Asgardian,Black,Marvel Comics,-
Longshot,good,Male,blue,Human,Blond,Marvel Comics,-
Luke Cage,good,Male,brown,Human,Black,Marvel Comics,-
Luke Campbell,bad,Male,-,-,-,NBC - Heroes,-
Luke Skywalker,good,Male,blue,Human,Blond,George Lucas,-
Luna,good,Female,-,Human,-,Marvel Comics,-
Lyja,good,Female,green,-,Green,Marvel Comics,-
MODOK,bad,Male,white,Cyborg,Brownn,Marvel Comics,-
Mach-IV,bad,Male,brown,-,Brown,Marvel Comics,-
Machine Man,good,-,red,-,Black,Marvel Comics,-
Magneto,bad,Male,grey,Mutant,White,Marvel Comics,-
Magog,good,Male,blue,-,Blond,DC Comics,-
Magus,bad,Male,black,-,-,Marvel Comics,-
Man of Miracles,-,-,blue,God / Eternal,Silver,Image Comics,-
Man-Bat,neutral,Male,brown,Human,Brown,DC Comics,-
Man-Thing,good,Male,red,-,No Hair,Marvel Comics,green
Man-Wolf,good,Male,brown,-,Auburn,Marvel Comics,-
Mandarin,bad,Male,blue,Human,White,Marvel Comics,-
Mantis,good,Female,green,Human-Kree,Black,Marvel Comics,green
Martian Manhunter,good,Male,red,Martian,No Hair,DC Comics,green
Marvel Girl,good,Female,green,-,Red,Marvel Comics,-
Master Brood,good,Male,blue,-,Black,Team Epic TV,-
Master Chief,good,Male,brown,Human / Altered,Brown,Microsoft,-
Match,bad,Male,black,-,Black,DC Comics,-
Matt Parkman,good,Male,-,-,-,NBC - Heroes,-
Maverick,good,Male,blue,-,Black,Marvel Comics,-
Maxima,bad,Female,brown,-,Red,DC Comics,-
Maya Herrera,good,Female,-,-,-,NBC - Heroes,-
Medusa,good,Female,green,Inhuman,Red,Marvel Comics,-
Meltdown,good,Female,blue,-,Blond,Marvel Comics,-
Mephisto,bad,Male,white,-,Black,Marvel Comics,-
Mera,good,Female,blue,Atlantean,Red,DC Comics,-
Metallo,bad,Male,green,Android,Brown,DC Comics,-
Metamorpho,good,Male,black,-,No Hair,DC Comics,-
Meteorite,good,Female,-,-,-,Marvel Comics,-
Metron,good,Male,blue,-,Black,DC Comics,-
Micah Sanders,good,Male,brown,-,Black,NBC - Heroes,-
Michelangelo,good,Male,blue,Mutant,-,IDW Publishing,green
Micro Lad,good,Male,grey,-,Brown,DC Comics,-
Mimic,good,Male,brown,-,Brown,Marvel Comics,-
Minna Murray,good,Female,-,-,-,Wildstorm,-
Misfit,good,Female,blue,-,Red,DC Comics,-
Miss Martian,good,Female,red,-,Red,DC Comics,-
Mister Fantastic,good,Male,brown,Human / Radiation,Brown,Marvel Comics,-
Mister Freeze,bad,Male,-,Human,-,DC Comics,-
Mister Knife,bad,Male,blue,Spartoi,Brown,Marvel Comics,-
Mister Mxyzptlk,bad,Male,-,God / Eternal,-,DC Comics,-
Mister Sinister,bad,Male,red,Human / Altered,Black,Marvel Comics,-
Mister Zsasz,bad,Male,blue,Human,Blond,DC Comics,-
Mockingbird,good,Female,blue,Human,Blond,Marvel Comics,-
Mogo,good,Male,-,Planet,-,DC Comics,-
Mohinder Suresh,good,Male,-,-,-,NBC - Heroes,-
Moloch,bad,Male,-,-,-,DC Comics,-
Molten Man,bad,Male,gold,-,Gold,Marvel Comics,-
Monarch,good,Male,blue,-,White,DC Comics,-
Monica Dawson,good,Female,-,-,-,NBC - Heroes,-
Moon Knight,good,Male,brown,Human,Brown,Marvel Comics,-
Moonstone,bad,Female,blue,-,Blond,Marvel Comics,-
Morlun,bad,Male,white / red,-,Black,Marvel Comics,-
Morph,good,Male,white,-,No Hair,Marvel Comics,-
Moses Magnum,bad,Male,brown,-,Black,Marvel Comics,-
Mr Immortal,good,Male,blue,Mutant,Blond,Marvel Comics,-
Mr Incredible,good,Male,blue,Human,Blond,Dark Horse Comics,-
Ms Marvel II,good,Female,blue,-,Red,Marvel Comics,-
Multiple Man,good,Male,blue,-,Brown,Marvel Comics,-
Mysterio,bad,Male,brown,Human,No Hair,Marvel Comics,-
Mystique,bad,Female,yellow (without irises),Mutant,Red / Orange,Marvel Comics,blue
Namor,good,Male,-,-,-,Marvel Comics,-
Namora,good,Female,blue,-,Blond,Marvel Comics,-
Namorita,good,Female,blue,-,Blond,Marvel Comics,-
Naruto Uzumaki,good,Male,-,Human,-,Shueisha,-
Nathan Petrelli,good,Male,brown,-,-,NBC - Heroes,-
Nebula,bad,Female,blue,Luphomoid,No Hair,Marvel Comics,blue
Negasonic Teenage Warhead,good,Female,black,Mutant,Black,Marvel Comics,-
Nick Fury,good,Male,brown,Human,Brown / White,Marvel Comics,-
Nightcrawler,good,Male,yellow,-,Indigo,Marvel Comics,-
Nightwing,good,Male,blue,Human,Black,DC Comics,-
Niki Sanders,good,Female,blue,-,Blond,NBC - Heroes,-
Nina Theroux,good,Female,-,Alpha,-,SyFy,-
Nite Owl II,good,Male,-,-,-,DC Comics,-
Northstar,good,Male,blue,-,Black,Marvel Comics,-
Nova,good,Male,brown,Human,Brown,Marvel Comics,-
Odin,good,Male,blue,God / Eternal,White,Marvel Comics,-
Offspring,good,Male,-,-,-,DC Comics,-
Omega Red,bad,Male,red,-,Blond,Marvel Comics,-
Omniscient,good,Male,brown,-,Black,Team Epic TV,-
One Punch Man,good,Male,-,Human,No Hair,Shueisha,-
One-Above-All,neutral,-,-,Cosmic Entity,-,Marvel Comics,-
Onslaught,bad,Male,red,Mutant,No Hair,Marvel Comics,-
Oracle,good,Female,blue,Human,Red,DC Comics,-
Osiris,good,Male,brown,-,Brown,DC Comics,-
Overtkill,bad,Male,-,-,-,Image Comics,-
Ozymandias,bad,Male,blue,Human,Blond,DC Comics,-
Parademon,bad,-,-,Parademon,-,DC Comics,-
Paul Blart,good,Male,-,Human,-,Sony Pictures,-
Penance,good,-,-,-,-,Marvel Comics,-
Penance I,good,Female,-,-,-,Marvel Comics,-
Penance II,good,Male,blue,-,Blond,Marvel Comics,-
Penguin,bad,Male,blue,Human,Black,DC Comics,-
Peter Petrelli,good,Male,-,-,-,NBC - Heroes,-
Phantom,good,Male,-,-,-,DC Comics,-
Phantom Girl,good,Female,blue,-,Black,DC Comics,-
Phoenix,good,Female,green,Mutant,Red,Marvel Comics,-
Plantman,bad,Male,green,Mutant,Grey,Marvel Comics,-
Plastic Lad,good,Male,-,-,-,DC Comics,-
Plastic Man,good,Male,blue,Human,Black,DC Comics,-
Plastique,bad,Female,blue,-,Red,DC Comics,-
Poison Ivy,bad,Female,green,Human,Red,DC Comics,green
Polaris,good,Female,green,Mutant,Green,Marvel Comics,-
Power Girl,good,Female,blue,Kryptonian,blond,DC Comics,-
Power Man,good,Male,-,Mutant,-,Marvel Comics,-
Predator,bad,Male,-,Yautja,-,Dark Horse Comics,-
Professor X,good,Male,blue,Mutant,No Hair,Marvel Comics,-
Professor Zoom,bad,Male,blue,Human,Strawberry Blond,DC Comics,-
Proto-Goblin,bad,Male,green,-,Blond,Marvel Comics,-
Psylocke,good,Female,blue,Mutant,Purple,Marvel Comics,-
Punisher,good,Male,blue,Human,Black,Marvel Comics,-
Purple Man,bad,Male,purple,Human,Purple,Marvel Comics,purple
Pyro,bad,Male,blue,-,Blond,Marvel Comics,-
Q,-,Male,-,God / Eternal,-,Star Trek,-
Quantum,good,Male,-,-,-,HarperCollins,-
Question,good,Male,blue,Human,Blond,DC Comics,-
Quicksilver,good,Male,blue,Mutant,Silver,Marvel Comics,-
Quill,good,Male,brown,-,Brown,Marvel Comics,-
Ra's Al Ghul,bad,Male,green,Human,Grey,DC Comics,-
Rachel Pirzad,good,Female,-,Alpha,-,SyFy,-
Rambo,good,Male,brown,Human,Black,,-
Raphael,good,Male,-,Mutant,No Hair,IDW Publishing,green
Raven,neutral,Female,indigo,Human,Black,DC Comics,-
Ray,good,Male,green,Human,Red,DC Comics,-
Razor-Fist II,bad,Male,blue,-,No Hair,Marvel Comics,-
Red Arrow,good,Male,green,Human,Red,DC Comics,-
Red Hood,neutral,Male,blue,Human,Black,DC Comics,-
Red Hulk,neutral,Male,yellow,Human / Radiation,Black,Marvel Comics,red
Red Mist,bad,Male,-,-,-,Icon Comics,-
Red Robin,good,Male,blue,Human,Black,DC Comics,-
Red Skull,bad,Male,blue,-,No Hair,Marvel Comics,-
Red Tornado,good,Male,green,Android,No Hair,DC Comics,-
Redeemer II,bad,Male,-,-,-,Image Comics,-
Redeemer III,bad,Male,-,-,-,Image Comics,-
Renata Soliz,good,Female,-,-,-,HarperCollins,-
Rey,good,Female,hazel,Human,Brown,George Lucas,-
Rhino,bad,Male,brown,Human / Radiation,Brown,Marvel Comics,-
Rick Flag,bad,Male,blue,-,Brown,DC Comics,-
Riddler,bad,Male,-,-,-,DC Comics,-
Rip Hunter,good,Male,blue,Human,Blond,DC Comics,-
Ripcord,good,Female,green,-,Black,Marvel Comics,-
Robin,good,Male,blue,Human,Black,DC Comics,-
Robin II,good,Male,blue,Human,Red,DC Comics,-
Robin III,good,Male,blue,Human,Black,DC Comics,-
Robin V,good,Male,blue,Human,Black,DC Comics,-
Robin VI,neutral,Female,green,Human,Red,DC Comics,-
Rocket Raccoon,good,Male,brown,Animal,Brown,Marvel Comics,-
Rogue,good,Female,green,-,Brown / White,Marvel Comics,-
Ronin,good,Male,blue,Human,Blond,Marvel Comics,-
Rorschach,good,Male,blue,Human,Red,DC Comics,-
Sabretooth,bad,Male,amber,Mutant,Blond,Marvel Comics,-
Sage,good,Female,blue,-,Black,Marvel Comics,-
Sandman,neutral,Male,brown,Human,Brown,Marvel Comics,-
Sasquatch,good,Male,red,-,Orange,Marvel Comics,-
Sauron,bad,Male,-,Maiar,-,J. R. R. Tolkien,-
Savage Dragon,good,Male,-,-,-,Image Comics,-
Scarecrow,bad,Male,blue,Human,Brown,DC Comics,-
Scarlet Spider,good,Male,blue,Human,Blond,Marvel Comics,-
Scarlet Spider II,good,Male,brown,Clone,Brown,Marvel Comics,-
Scarlet Witch,bad,Female,blue,Mutant,Brown,Marvel Comics,-
Scorpia,bad,Female,green,-,Red,Marvel Comics,-
Scorpion,bad,Male,brown,Human,Brown,Marvel Comics,-
Sebastian Shaw,bad,Male,-,Mutant,-,Marvel Comics,-
Sentry,neutral,Male,blue,Mutant,Blond,Marvel Comics,-
Shadow King,good,-,red,-,-,Marvel Comics,-
Shadow Lass,good,Female,black,Talokite,Black,DC Comics,blue
Shadowcat,good,Female,hazel,Mutant,Brown,Marvel Comics,-
Shang-Chi,good,Male,brown,Human,Black,Marvel Comics,-
Shatterstar,good,Male,brown,-,Red,Marvel Comics,-
She-Hulk,good,Female,green,Human,Green,Marvel Comics,-
She-Thing,good,Female,blue,Human / Radiation,No Hair,Marvel Comics,-
Shocker,bad,Male,brown,Human,Brown,Marvel Comics,-
Shriek,good,Female,yellow / blue,-,Black,Marvel Comics,-
Shrinking Violet,good,Female,-,-,-,DC Comics,-
Sif,good,Female,blue,Asgardian,Black,Marvel Comics,-
Silk,good,Female,brown,Human,Black,Marvel Comics,-
Silk Spectre,good,Female,-,-,-,DC Comics,-
Silk Spectre II,good,Female,-,-,-,DC Comics,-
Silver Surfer,good,Male,white,Alien,No Hair,Marvel Comics,silver
Silverclaw,good,Female,brown,-,Black,Marvel Comics,-
Simon Baz,good,Male,bown,Human,Black,DC Comics,-
Sinestro,neutral,Male,black,Korugaran,Black,DC Comics,red
Siren,bad,Female,blue,Atlantean,Purple,DC Comics,-
Siren II,bad,Female,black,-,-,DC Comics,-
Siryn,bad,Female,blue,-,Strawberry Blond,Marvel Comics,-
Skaar,good,Male,green,-,Black,Marvel Comics,-
Snake-Eyes,bad,Male,-,Animal,-,Marvel Comics,-
Snowbird,good,Female,white,-,Blond,Marvel Comics,-
Sobek,good,Male,white,-,No Hair,DC Comics,-
Solomon Grundy,bad,Male,black,Zombie,White,DC Comics,-
Songbird,good,Female,green,-,Red / White,Marvel Comics,-
Space Ghost,good,Male,-,Human,-,DC Comics,-
Spawn,good,Male,brown,Demon,Black,Image Comics,-
Spectre,good,Male,white,God / Eternal,No Hair,DC Comics,white
Speedball,good,Male,-,-,-,Marvel Comics,-
Speedy,good,Male,-,Human,-,DC Comics,-
Spider-Carnage,bad,Male,-,Symbiote,-,Marvel Comics,-
Spider-Girl,good,Female,blue,Human,Brown,Marvel Comics,-
Spider-Gwen,good,Female,blue,Human,Blond,Marvel Comics,-
Spider-Man,good,Male,hazel,Human,Brown,Marvel Comics,-
Spider-Woman,good,Female,green,Human,Black,Marvel Comics,-
Spider-Woman II,good,Female,-,-,-,Marvel Comics,-
Spider-Woman III,good,Female,brown,-,Brown,Marvel Comics,-
Spider-Woman IV,bad,Female,red,-,White,Marvel Comics,-
Spock,good,Male,brown,Human-Vulcan,Black,Star Trek,-
Spyke,good,Male,brown,Mutant,Blond,Marvel Comics,-
Stacy X,good,Female,-,-,-,Marvel Comics,-
Star-Lord,good,Male,blue,Human-Spartoi,Blond,Marvel Comics,-
Stardust,good,Male,-,-,-,Marvel Comics,-
Starfire,good,Female,green,Tamaranean,Auburn,DC Comics,orange
Stargirl,good,Female,blue,Human,Blond,DC Comics,-
Static,good,Male,brown,Mutant,Black,DC Comics,-
Steel,good,Male,brown,-,No Hair,DC Comics,-
Stephanie Powell,good,Female,-,-,Blond,ABC Studios,-
Steppenwolf,bad,Male,red,New God,Black,DC Comics,white
Storm,good,Female,blue,Mutant,White,Marvel Comics,-
Stormtrooper,bad,Male,-,Human,-,George Lucas,-
Sunspot,good,Male,brown,Mutant,black,Marvel Comics,-
Superboy,good,Male,blue,-,Black,DC Comics,-
Superboy-Prime,bad,Male,blue,Kryptonian,Black / Blue,DC Comics,-
Supergirl,good,Female,blue,Kryptonian,Blond,DC Comics,-
Superman,good,Male,blue,Kryptonian,Black,DC Comics,-
Swamp Thing,bad,Male,red,God / Eternal,No Hair,DC Comics,green
Swarm,bad,Male,yellow,Mutant,No Hair,Marvel Comics,yellow
Sylar,bad,Male,-,-,-,NBC - Heroes,-
Synch,good,Male,brown,-,Black,Marvel Comics,-
T-1000,bad,Male,-,Android,-,Dark Horse Comics,silver
T-800,bad,Male,red,Cyborg,-,Dark Horse Comics,-
T-850,bad,Male,red,Cyborg,-,Dark Horse Comics,-
T-X,bad,Female,-,Cyborg,-,Dark Horse Comics,silver
Taskmaster,bad,Male,brown,Human,Brown,Marvel Comics,-
Tempest,good,Female,brown,-,Black,Marvel Comics,-
Thanos,bad,Male,red,Eternal,No Hair,Marvel Comics,purple
The Cape,good,Male,-,-,-,,-
The Comedian,neutral,Male,brown,Human,Black,DC Comics,-
Thing,good,Male,blue,Human / Radiation,No Hair,Marvel Comics,-
Thor,good,Male,blue,Asgardian,Blond,Marvel Comics,-
Thor Girl,good,Female,blue,Asgardian,Blond,Marvel Comics,-
Thunderbird,good,Male,brown,-,Black,Marvel Comics,-
Thunderbird II,good,Male,-,-,-,Marvel Comics,-
Thunderbird III,good,Male,brown,-,Black,Marvel Comics,-
Thunderstrike,good,Male,blue,-,Blond,Marvel Comics,-
Thundra,good,Female,green,-,Red,Marvel Comics,-
Tiger Shark,bad,Male,grey,Human,No Hair,Marvel Comics,grey
Tigra,good,Female,green,-,Auburn,Marvel Comics,-
Tinkerer,bad,Male,brown,-,White,Marvel Comics,-
Titan,good,Male,-,-,-,HarperCollins,-
Toad,neutral,Male,black,Mutant,Brown,Marvel Comics,green
Toxin,good,Male,blue,Symbiote,Brown,Marvel Comics,-
Tracy Strauss,good,Female,-,-,-,NBC - Heroes,-
Trickster,-,Male,blue,Human,Blond,DC Comics,-
Trigon,bad,Male,yellow,God / Eternal,Black,DC Comics,red
Triplicate Girl,good,Female,purple,-,Brown,DC Comics,-
Triton,good,Male,green,Inhuman,No Hair,Marvel Comics,green
Two-Face,bad,Male,-,-,-,DC Comics,-
Ultragirl,good,Female,blue,-,Blond,Marvel Comics,-
Ultron,bad,Male,red,Android,-,Marvel Comics,silver
Utgard-Loki,bad,Male,blue,Frost Giant,White,Marvel Comics,-
Vagabond,good,Female,blue,-,Strawberry Blond,Marvel Comics,-
Valerie Hart,good,Female,hazel,-,Black,Team Epic TV,-
Valkyrie,good,Female,blue,-,Blond,Marvel Comics,-
Vanisher,bad,Male,green,-,No Hair,Marvel Comics,-
Vegeta,bad,Male,-,Saiyan,Black,Shueisha,-
Venom,bad,Male,blue,Symbiote,Strawberry Blond,Marvel Comics,-
Venom II,bad,Male,brown,-,Black,Marvel Comics,-
Venom III,bad,Male,brown,Symbiote,Brown,Marvel Comics,-
Venompool,-,Male,-,Symbiote,-,Marvel Comics,-
Vertigo II,good,Female,blue,-,Silver,Marvel Comics,-
Vibe,good,Male,brown,Human,Black,DC Comics,-
Vindicator,good,Female,green,Human,Red,Marvel Comics,-
Violator,bad,Male,-,-,-,Image Comics,-
Violet Parr,good,Female,violet,Human,Black,Dark Horse Comics,-
Vision,good,Male,gold,Android,No Hair,Marvel Comics,red
Vision II,good,-,red,-,No Hair,Marvel Comics,-
Vixen,good,Female,amber,Human,Black,DC Comics,-
Vulcan,good,Male,black,-,Black,Marvel Comics,-
Vulture,bad,Male,brown,Human,No Hair,Marvel Comics,-
Walrus,bad,Male,blue,Human,Black,Marvel Comics,-
War Machine,good,Male,brown,Human,Brown,Marvel Comics,-
Warbird,good,Female,blue,-,Blond,Marvel Comics,-
Warlock,good,Male,red,-,Blond,Marvel Comics,-
Warp,bad,Male,brown,-,Black,DC Comics,-
Warpath,good,Male,brown,Mutant,Black,Marvel Comics,-
Wasp,good,Female,blue,Human,Auburn,Marvel Comics,-
Watcher,good,Male,-,-,-,Marvel Comics,-
Weapon XI,bad,Male,-,-,-,Marvel Comics,-
White Canary,bad,Female,brown,Human,Black,DC Comics,-
White Queen,good,Female,blue,-,Blond,Marvel Comics,-
Wildfire,good,Male,-,-,-,DC Comics,-
Winter Soldier,good,Male,brown,Human,Brown,Marvel Comics,-
Wiz Kid,good,-,brown,-,Black,Marvel Comics,-
Wolfsbane,good,Female,green,-,Auburn,Marvel Comics,-
Wolverine,good,Male,blue,Mutant,Black,Marvel Comics,-
Wonder Girl,good,Female,blue,Demi-God,Blond,DC Comics,-
Wonder Man,good,Male,red,-,Black,Marvel Comics,-
Wonder Woman,good,Female,blue,Amazon,Black,DC Comics,-
Wondra,good,Female,-,-,-,Marvel Comics,-
Wyatt Wingfoot,good,Male,brown,-,Black,Marvel Comics,-
X-23,good,Female,green,Mutant / Clone,Black,Marvel Comics,-
X-Man,good,Male,blue,-,Brown,Marvel Comics,-
Yellow Claw,bad,Male,blue,-,No Hair,Marvel Comics,-
Yellowjacket,good,Male,blue,Human,Blond,Marvel Comics,-
Yellowjacket II,good,Female,blue,Human,Strawberry Blond,Marvel Comics,-
Ymir,good,Male,white,Frost Giant,No Hair,Marvel Comics,white
Yoda,good,Male,brown,Yoda's species,White,George Lucas,green
Zatanna,good,Female,blue,Human,Black,DC Comics,-
Zoom,bad,Male,red,-,Brown,DC Comics,-
