A-Bomb,good,Male,yellow,Human,No Hair,Marvel Comics,,203,441,1011429,38,100,17,80,17,64,316
Abe Sapien,good,Male,blue,Icthyo Sapien,No Hair,Dark Horse Comics,blue,191,65,1011430,88,14,35,42,35,85,299
Abin Sur,good,Male,blue,Ungaran,No Hair,DC Comics,red,185,90,1011431,50,90,53,64,84,65,406
Abomination,bad,Male,green,Human / Radiation,No Hair,Marvel Comics,,203,441,1011432,63,80,53,90,55,95,436
Abraxas,bad,Male,blue,Cosmic Entity,Black,Marvel Comics,,-99,-99,1011433,88,100,83,99,100,56,526
Absorbing Man,bad,Male,blue,Human,No Hair,Marvel Comics,,193,122,1009148,,,,,,,
Adam Monroe,good,Male,blue,,Blond,NBC - Heroes,,-99,-99,1011434,63,10,12,100,71,64,320
Adam Strange,good,Male,blue,Human,Blond,DC Comics,,185,88,1011435,1,1,1,1,0,1,5
Agent 13,good,Female,blue,,Blond,Marvel Comics,,173,61,1011436,,,,,,,
Agent Bob,good,Male,brown,Human,Brown,Marvel Comics,,178,81,1011437,10,8,13,5,5,20,61
Agent Zero,good,Male,,,,Marvel Comics,,191,104,1009150,75,28,38,80,72,95,388
Air-Walker,bad,Male,blue,,White,Marvel Comics,,188,108,1011438,50,85,100,85,100,40,460
Ajax,bad,Male,brown,Cyborg,Black,Marvel Comics,,193,90,1011439,,,,,,,
Alan Scott,good,Male,blue,,Blond,DC Comics,,180,90,1011440,63,80,23,90,98,32,386
Alex Mercer,bad,Male,,Human,,Wildstorm,,-99,-99,1011441,,,,,,,
Alex Woolsly,good,Male,,,,NBC - Heroes,,-99,-99,1011442,1,1,1,1,0,1,5
Alfred Pennyworth,good,Male,blue,Human,Black,DC Comics,,178,72,1011443,63,10,17,10,7,55,162
Alien,bad,Male,,Xenomorph XX121,No Hair,Dark Horse Comics,black,244,169,1011444,,,,,,,
Allan Quatermain,good,Male,,,,Wildstorm,,-99,-99,1011445,1,1,1,1,0,1,5
Amazo,bad,Male,red,Android,,DC Comics,,257,173,1011446,75,100,100,100,100,100,575
Ammo,bad,Male,brown,Human,Black,Marvel Comics,,188,101,1011447,1,1,1,1,0,1,5
Ando Masahashi,good,Male,,,,NBC - Heroes,,-99,-99,1011448,1,1,1,1,0,1,5
Angel,good,Male,blue,,Blond,Marvel Comics,,183,68,1011449,63,13,46,64,17,42,245
Angel Dust,good,Female,yellow,Mutant,Black,Marvel Comics,,165,57,1011450,,,,,,,
Angel Salvadore,good,Female,brown,,Black,Marvel Comics,,163,54,1011451,38,10,28,28,46,60,210
Angela,bad,Female,,,,Image Comics,,-99,-99,1011452,1,1,1,1,0,1,5
Animal Man,good,Male,blue,Human,Blond,DC Comics,,183,83,1011453,56,48,47,85,73,80,389
Annihilus,bad,Male,green,,No Hair,Marvel Comics,,180,90,1009154,75,80,47,56,59,64,381
Ant-Man,good,Male,blue,Human,Blond,Marvel Comics,,211,122,1011454,100,10,23,28,32,32,225
Ant-Man II,good,Male,blue,Human,Blond,Marvel Comics,,183,86,1011455,63,10,23,28,32,28,184
Anti-Monitor,bad,Male,yellow,God / Eternal,No Hair,DC Comics,,61,-99,1011456,88,90,38,90,100,90,496
Anti-Spawn,bad,Male,,,,Image Comics,,-99,-99,1011457,1,1,1,1,0,1,5
Anti-Venom,-,Male,blue,Symbiote,Blond,Marvel Comics,,229,358,1011458,75,60,65,90,85,84,459
Apocalypse,bad,Male,red,Mutant,Black,Marvel Comics,grey,213,135,1009156,100,100,33,100,100,60,493
Aquababy,good,Male,blue,,Blond,DC Comics,,-99,-99,1011459,10,16,12,14,37,14,103
Aqualad,good,Male,blue,Atlantean,Black,DC Comics,,178,106,1011460,63,44,42,75,76,60,360
Aquaman,good,Male,blue,Atlantean,Blond,DC Comics,,185,146,1011461,63,80,50,80,65,80,418
Arachne,good,Female,blue,Human,Blond,Marvel Comics,,175,63,1010773,1,1,1,1,0,1,5
Archangel,good,Male,blue,Mutant,Blond,Marvel Comics,blue,183,68,1009159,63,13,58,64,28,42,268
Arclight,bad,Female,violet,,Purple,Marvel Comics,,173,57,1009160,38,63,23,42,52,70,288
Ardina,good,Female,white,Alien,Orange,Marvel Comics,gold,193,98,1011462,,,,,,,
Ares,good,Male,brown,,Brown,Marvel Comics,,185,270,1010784,75,82,35,80,62,101,435
Ariel,good,Female,purple,,Pink,Marvel Comics,,165,59,1011463,50,10,12,14,72,28,186
Armor,good,Female,black,,Black,Marvel Comics,,163,50,1011464,50,63,12,80,55,54,314
Arsenal,good,Male,,Human,,DC Comics,,-99,-99,1011465,1,1,1,1,0,1,5
Astro Boy,good,Male,brown,,Black,,,-99,-99,1011466,1,1,1,1,0,1,5
Atlas,good,Male,brown,Mutant,Red,Marvel Comics,,183,101,1011467,50,80,23,99,69,42,363
Atom,good,Male,blue,,Red,DC Comics,,178,68,1011468,1,1,1,1,0,1,5
Atom Girl,good,Female,black,,Black,DC Comics,,168,54,1011469,38,10,23,28,38,42,179
Atom II,good,Male,brown,Human,Auburn,DC Comics,,183,81,1011470,1,1,1,1,0,1,5
Atom III,good,Male,,,Red,DC Comics,,-99,-99,1011471,1,1,1,1,0,1,5
Atom IV,good,Male,brown,,Black,DC Comics,,-99,72,1011472,1,1,1,1,0,1,5
Aurora,good,Female,blue,Mutant,Black,Marvel Comics,,180,63,1009163,50,15,83,56,69,56,329
Azazel,bad,Male,yellow,Neyaphem,Black,Marvel Comics,red,183,67,1011473,50,11,47,95,87,80,370
Azrael,good,Male,brown,Human,Black,DC Comics,,-99,-99,1011474,63,18,17,20,35,80,233
Aztar,good,Male,,,,DC Comics,,-99,-99,1011475,1,1,1,1,0,1,5
Bane,bad,Male,,Human,,DC Comics,,203,180,1011476,88,53,23,56,51,95,366
Banshee,good,Male,green,Human,Strawberry Blond,Marvel Comics,,183,77,1009168,50,10,58,42,60,70,290
Bantam,good,Male,brown,,Black,Marvel Comics,,165,54,1011477,25,53,23,54,21,56,232
Batgirl,good,Female,,,,DC Comics,,-99,-99,1011478,,,,,,,
Batgirl III,good,Female,,,,DC Comics,,-99,-99,1011479,1,1,1,1,0,1,5
Batgirl IV,good,Female,green,Human,Black,DC Comics,,165,52,1011480,69,12,27,56,42,100,306
Batgirl V,good,Female,,,,DC Comics,,-99,-99,1011481,1,1,1,1,0,1,5
Batgirl VI,good,Female,blue,,Blond,DC Comics,,168,61,1011482,75,10,23,28,22,80,238
Batman,good,Male,blue,Human,Black,DC Comics,,188,95,1011483,100,18,27,42,37,100,324
Batman II,good,Male,blue,Human,Black,DC Comics,,178,79,1011484,88,11,33,28,36,100,296
Battlestar,good,Male,brown,,Black,Marvel Comics,,198,133,1011485,50,53,35,74,48,74,334
Batwoman V,good,Female,green,Human,Red,DC Comics,,178,-99,1011486,,,,,,,
Beak,good,Male,black,,White,Marvel Comics,,175,63,1009174,1,1,1,1,0,1,5
Beast,good,Male,blue,Mutant,Blue,Marvel Comics,blue,180,181,1009175,88,48,35,56,35,84,346
Beast Boy,good,Male,green,Human,Green,DC Comics,green,173,68,1011487,50,28,50,70,79,40,317
Beetle,bad,Male,,,,Marvel Comics,,-99,-99,1011488,1,1,1,1,0,1,5
Ben 10,good,Male,,,,DC Comics,,-99,-99,1011489,10,7,8,10,90,40,165
Beta Ray Bill,good,Male,,,No Hair,Marvel Comics,,201,216,1011490,63,80,35,95,100,84,457
Beyonder,good,Male,,God / Eternal,,Marvel Comics,,-99,-99,1011138,88,100,23,100,100,56,467
Big Barda,bad,Female,blue,New God,Black,DC Comics,,188,135,1011491,63,90,23,85,42,72,375
Big Daddy,good,Male,,,,Icon Comics,,-99,-99,1011492,38,10,12,32,22,64,178
Big Man,bad,Male,blue,,Brown,Marvel Comics,,165,71,1011493,75,12,23,28,19,70,227
Bill Harken,good,Male,,Alpha,,SyFy,,-99,-99,1011494,63,36,33,60,23,40,255
Billy Kincaid,bad,Male,,,,Image Comics,,-99,-99,1011495,1,1,1,1,0,1,5
Binary,good,Female,blue,,Blond,Marvel Comics,,180,54,1011496,1,1,1,1,0,1,5
Bionic Woman,good,Female,blue,Cyborg,Black,,,-99,-99,1011497,,,,,,,
Bird-Brain,good,-,,,,Marvel Comics,,-99,-99,1011498,25,10,35,28,21,42,161
Bird-Man,bad,Male,,Human,,Marvel Comics,,-99,-99,1011499,1,1,1,1,0,1,5
Bird-Man II,bad,Male,,Human,,Marvel Comics,,-99,-99,1011500,1,1,1,1,0,1,5
Birdman,good,Male,,God / Eternal,,Hanna-Barbera,,-99,-99,1011501,1,1,1,1,0,1,5
Bishop,good,Male,brown,Mutant,No Hair,Marvel Comics,,198,124,1009182,63,14,23,75,85,65,325
Bizarro,neutral,Male,black,Bizarro,Black,DC Comics,white,191,155,1011502,75,95,100,100,95,85,550
Black Abbott,bad,Male,red,,Black,Marvel Comics,,-99,-99,1011503,1,1,1,1,0,1,5
Black Adam,bad,Male,brown,,Black,DC Comics,,191,113,1011504,88,100,92,100,89,56,525
Black Bolt,good,Male,blue,Inhuman,Black,Marvel Comics,,188,95,1009184,75,67,100,84,100,56,482
Black Canary,good,Female,blue,Human,Blond,DC Comics,,165,58,1011505,,,,,,,
Black Cat,good,Female,green,Human,Blond,Marvel Comics,,178,54,1009185,75,16,33,10,23,70,227
Black Flash,neutral,Male,,God / Eternal,,DC Comics,,-99,-99,1011506,,,,,,,
Black Goliath,good,Male,,,,Marvel Comics,,-99,-99,1011507,1,1,1,1,0,1,5
Black Knight III,good,Male,brown,Human,Brown,Marvel Comics,,183,86,1011508,63,10,8,70,43,70,264
Black Lightning,good,Male,brown,,No Hair,DC Comics,,185,90,1011509,50,11,53,28,70,75,287
Black Mamba,bad,Female,green,,Black,Marvel Comics,,170,52,1011510,75,10,35,42,78,65,305
Black Manta,bad,Male,black,Human,No Hair,DC Comics,,188,92,1011511,,,,,,,
Black Panther,good,Male,brown,Human,Black,Marvel Comics,,183,90,1009187,88,16,30,60,41,100,335
Black Widow,good,Female,green,Human,Auburn,Marvel Comics,,170,59,1009189,75,13,27,32,32,100,279
Black Widow II,good,Female,blue,,Blond,Marvel Comics,,170,61,1011512,1,1,1,1,0,1,5
Blackout,bad,Male,red,Demon,White,Marvel Comics,white,191,104,1011349,63,32,45,80,38,65,323
Blackwing,bad,Male,blue,,Black,Marvel Comics,,185,86,1011513,38,10,35,32,20,56,191
Blackwulf,-,Male,red,Alien,White,Marvel Comics,,188,88,1011514,50,28,8,30,59,25,200
Blade,good,Male,brown,Vampire,Black,Marvel Comics,,188,97,1009191,63,28,38,50,33,90,302
Blaquesmith,good,-,black,,No Hair,Marvel Comics,,-99,-99,1011515,1,1,1,1,0,1,5
Bling!,good,Female,,,,Marvel Comics,,168,68,1011516,69,14,12,90,52,28,265
Blink,good,Female,green,Mutant,Magenta,Marvel Comics,pink,165,56,1009197,50,8,20,28,55,64,225
Blizzard,bad,Male,,,,Marvel Comics,,-99,-99,1009198,1,1,1,1,0,1,5
Blizzard II,bad,Male,brown,,Brown,Marvel Comics,,175,77,1011517,38,10,27,42,47,56,220
Blob,bad,Male,brown,,Brown,Marvel Comics,,178,230,1009199,10,83,23,95,26,72,309
Bloodaxe,bad,Female,blue,Human,Brown,Marvel Comics,,218,495,1011073,63,80,33,80,84,84,424
Bloodhawk,good,Male,black,Mutant,No Hair,Marvel Comics,,-99,-99,1011518,50,10,50,80,66,64,320
Bloodwraith,bad,Male,white,,No Hair,Marvel Comics,,30.5,-99,1011519,1,1,1,1,0,1,5
Blue Beetle,good,Male,blue,,Brown,DC Comics,,-99,-99,1011520,1,1,1,1,0,1,5
Blue Beetle II,good,Male,blue,,Brown,DC Comics,,183,86,1011521,1,1,1,1,0,1,5
Blue Beetle III,good,Male,brown,Human,Black,DC Comics,,-99,-99,1011522,50,34,58,80,97,30,349
Boba Fett,bad,Male,brown,Human / Clone,Black,George Lucas,,183,-99,1011523,,,,,,,
Bolt,good,Male,,,,Marvel Comics,,-99,-99,1011524,1,1,1,1,0,1,5
Bomb Queen,bad,Female,,,,Image Comics,,-99,-99,1011525,1,1,1,1,0,1,5
Boom-Boom,good,Female,blue,Mutant,Blond,Marvel Comics,,165,55,1011526,,,,,,,
Boomer,good,Female,,,,Marvel Comics,,-99,-99,1009205,1,1,1,1,0,1,5
Booster Gold,good,Male,blue,Human,Blond,DC Comics,,196,97,1011527,56,85,53,50,72,40,356
Box,good,Male,,,,Marvel Comics,,-99,-99,1009206,1,1,1,1,0,1,5
Box III,good,-,blue,,Blond,Marvel Comics,,193,110,1011528,1,1,1,1,0,1,5
Box IV,good,-,brown,,Brown / Black,Marvel Comics,,-99,-99,1011529,50,75,23,28,11,56,243
Brainiac,bad,Male,green,Android,No Hair,DC Comics,green,198,135,1011530,100,28,63,90,60,75,416
Brainiac 5,good,Male,green,,Blond,DC Comics,,170,61,1011531,100,10,23,28,60,32,253
Brother Voodoo,good,Male,brown,Human,Brown / White,Marvel Comics,,183,99,1011090,1,1,1,1,0,1,5
Brundlefly,-,Male,,Mutant,,,,193,-99,1011532,,,,,,,
Buffy,good,Female,green,Human,Blond,Dark Horse Comics,,157,52,1011533,,,,,,,
Bullseye,bad,Male,blue,Human,Blond,Marvel Comics,,183,90,1009212,50,11,25,70,20,70,246
Bumblebee,good,Female,brown,Human,Black,DC Comics,,170,59,1011534,63,28,25,10,45,35,206
Bumbleboy,good,Male,,,,Marvel Comics,,-99,-99,1011535,1,1,1,1,0,1,5
Bushido,good,Male,,Human,,DC Comics,,-99,-99,1011536,38,10,8,10,19,70,155
Cable,good,Male,blue,Mutant,White,Marvel Comics,,203,158,1009214,88,48,23,56,100,80,395
Callisto,bad,Female,blue,,Black,Marvel Comics,,175,74,1009217,63,53,23,42,45,85,311
Cameron Hicks,good,Male,,Alpha,,SyFy,,-99,-99,1011537,50,10,23,28,51,70,232
Cannonball,good,Male,blue,,Blond,Marvel Comics,,183,81,1009219,50,28,67,99,79,56,379
Captain America,good,Male,blue,Human,Blond,Marvel Comics,,188,108,1009220,63,19,35,56,46,100,319
Captain Atom,good,Male,blue,Human / Radiation,Silver,DC Comics,silver,193,90,1011538,1,1,1,1,0,1,5
Captain Britain,good,Male,blue,Human,Blond,Marvel Comics,,198,116,1009223,75,77,50,60,31,80,373
Captain Cold,neutral,Male,brown,Human,Brown,DC Comics,,-99,-99,1011539,,,,,,,
Captain Epic,good,Male,blue,,Brown,Team Epic TV,,188,-99,1011540,1,1,1,1,0,1,5
Captain Hindsight,good,Male,,Human,Black,South Park,,-99,-99,1011541,,,,,,,
Captain Mar-vell,good,Male,blue,,Blond,Marvel Comics,,188,108,1011542,1,1,1,1,0,1,5
Captain Marvel,good,Female,blue,HumanKree,Blond,Marvel Comics,,180,74,1011543,100,100,67,95,62,56,480
Captain Marvel II,good,Male,blue,Human,Black,DC Comics,,175,74,1011544,75,81,27,90,34,56,363
Captain Midnight,good,Male,,Human,,Dark Horse Comics,,-99,-99,1011545,,,,,,,
Captain Planet,good,Male,red,God / Eternal,Green,Marvel Comics,,-99,-99,1011546,1,1,1,1,0,1,5
Captain Universe,good,-,,God / Eternal,,Marvel Comics,,-99,-99,1011027,1,1,1,1,0,1,5
Carnage,bad,Male,green,Symbiote,Red,Marvel Comics,,185,86,1009227,63,63,70,84,81,90,451
Cat,good,Female,blue,,Blond,Marvel Comics,,173,61,1011547,1,1,1,1,0,1,5
Cat II,good,Female,,,,Marvel Comics,,-99,-99,1011548,1,1,1,1,0,1,5
Catwoman,good,Female,green,Human,Black,DC Comics,,175,61,1011549,63,13,33,28,24,85,246
Cecilia Reyes,good,-,brown,,Brown,Marvel Comics,,170,62,1009536,1,1,1,1,0,1,5
Century,good,Male,white,Alien,White,Marvel Comics,grey,201,97,1011550,88,80,53,64,74,100,459
Cerebra,good,Female,,Mutant,,Marvel Comics,,-99,-99,1011551,1,1,1,1,0,1,5
Chamber,good,Male,brown,Mutant,Brown,Marvel Comics,,175,63,1009233,50,10,20,80,57,64,281
Chameleon,bad,Male,,,,DC Comics,,-99,-99,1009234,88,10,12,28,28,28,194
Changeling,bad,Male,brown,,Black,Marvel Comics,,180,81,1011552,63,10,23,42,64,64,266
Cheetah,bad,Female,green,Human,Blond,DC Comics,,163,50,1011553,,,,,,,
Cheetah II,bad,Female,green,Human,Brown,DC Comics,,170,55,1011554,1,1,1,1,0,1,5
Cheetah III,bad,Female,brown,Human,Brown,DC Comics,,175,54,1011555,1,1,1,1,0,1,5
Chromos,bad,Male,brown,,Red / Grey,Team Epic TV,,185,86,1011556,1,1,1,1,0,1,5
Chuck Norris,good,Male,,,,,,178,-99,1011557,50,80,47,56,42,99,374
Citizen Steel,good,Male,green,Human,Red,DC Comics,,183,170,1011558,,,,,,,
Claire Bennet,good,Female,blue,,Blond,NBC - Heroes,,-99,-99,1011559,38,9,12,100,73,28,260
Clea,good,-,,,White,Marvel Comics,,-99,-99,1009239,1,1,1,1,0,1,5
Cloak,good,Male,brown,,Black,Marvel Comics,,226,70,1009241,63,10,47,64,74,56,314
Clock King,bad,Male,blue,Human,Black,DC Comics,,178,78,1011560,,,,,,,
Cogliostro,bad,Male,,,,Image Comics,,-99,-99,1011561,1,1,1,1,0,1,5
Colin Wagner,good,Male,grey,,Brown,HarperCollins,,-99,-99,1011562,1,1,1,1,0,1,5
Colossal Boy,good,Male,,,,DC Comics,,-99,-99,1011563,1,1,1,1,0,1,5
Colossus,good,Male,silver,Mutant,Black,Marvel Comics,,226,225,1009243,63,83,33,100,46,80,405
Copycat,neutral,Female,red,Mutant,White,Marvel Comics,blue,183,67,1011564,,,,,,,
Corsair,good,Male,brown,,Brown,Marvel Comics,,191,79,1009247,1,1,1,1,0,1,5
Cottonmouth,bad,Male,brown,Human,Black,Marvel Comics,,183,99,1011362,,,,,,,
Crimson Crusader,good,Male,blue,,Strawberry Blond,Marvel Comics,,-99,-99,1011565,1,1,1,1,0,1,5
Crimson Dynamo,good,Male,brown,,No Hair,Marvel Comics,,180,104,1009251,,,,,,,
Crystal,good,Female,green,Inhuman,Red,Marvel Comics,,168,50,1009255,63,16,12,14,57,56,218
Curse,bad,Male,,,,Image Comics,,-99,-99,1011566,1,1,1,1,0,1,5
Cy-Gor,bad,Male,,,,Image Comics,,-99,-99,1011567,1,1,1,1,0,1,5
Cyborg,good,Male,brown,Cyborg,Black,DC Comics,,198,173,1011568,75,53,42,85,72,64,391
Cyborg Superman,bad,Male,blue,Cyborg,Black,DC Comics,,-99,-99,1011569,75,93,92,100,100,80,540
Cyclops,good,Male,brown,Mutant,Brown,Marvel Comics,,191,88,1009257,75,10,23,42,76,80,306
Cypher,good,-,blue,,Blond,Marvel Comics,,175,68,1011385,1,1,1,1,0,1,5
DL Hawkins,good,Male,,,,NBC - Heroes,,-99,-99,1011584,50,12,12,56,48,56,234
Dagger,good,Female,blue,,Blond,Marvel Comics,,165,52,1009258,63,10,35,42,52,70,272
Danny Cooper,good,Male,brown,,Blond,HarperCollins,,-99,-99,1011570,1,1,1,1,0,1,5
Daphne Powell,good,Female,,,,ABC Studios,,-99,-99,1011571,38,10,8,10,56,10,132
Daredevil,good,Male,blue,Human,Red,Marvel Comics,,183,90,1009262,75,13,27,28,57,95,295
Darkhawk,good,Male,brown,Human,Brown,Marvel Comics,,185,81,1011020,50,32,33,70,74,64,323
Darkman,good,Male,,,,Universal Studios,,-99,-99,1011572,75,14,23,85,12,28,237
Darkseid,bad,Male,red,New God,No Hair,DC Comics,grey,267,817,1011573,88,100,23,100,100,95,506
Darkside,bad,-,,,,,,-99,-99,1011574,1,1,1,1,0,1,5
Darkstar,good,Female,brown,Mutant,Blond,Marvel Comics,,168,56,1009266,38,8,35,42,52,64,239
Darth Maul,bad,Male,yellow / red,Dathomirian Zabrak,,George Lucas,red / black,170,-99,1011575,,,,,,,
Darth Vader,bad,Male,yellow,Cyborg,No Hair,George Lucas,,198,135,1011576,,,,,,,
Dash,good,Male,blue,Human,Blond,Dark Horse Comics,,122,27,1011577,9,4,83,42,12,28,178
Data,good,Male,yellow,Android,Brown,Star Trek,,-99,-99,1011578,,,,,,,
Dazzler,good,Female,blue,Mutant,Blond,Marvel Comics,,173,52,1009267,63,10,35,42,64,56,270
Deadman,good,Male,blue,Human,Black,DC Comics,,183,90,1011579,50,10,33,100,100,42,335
Deadpool,neutral,Male,brown,Mutant,No Hair,Marvel Comics,,188,95,1009268,50,15,30,100,100,100,395
Deadshot,bad,Male,brown,Human,Brown,DC Comics,,185,91,1011580,50,10,23,28,47,80,238
Deathlok,good,Male,brown,Cyborg,Grey,Marvel Comics,,193,178,1010890,69,32,30,70,40,60,301
Deathstroke,neutral,Male,blue,Human,White,DC Comics,,193,101,1011581,75,30,35,100,36,90,366
Demogoblin,bad,Male,red,Demon,No Hair,Marvel Comics,,185,95,1011071,50,48,42,35,54,60,289
Destroyer,bad,Male,,,,Marvel Comics,,188,383,1011582,50,95,58,98,90,70,461
Diamondback,bad,Male,brown,Human,Black,Marvel Comics,,193,90,1011583,,,,,,,
Doc Samson,good,Male,blue,Human / Radiation,Green,Marvel Comics,,198,171,1009275,75,80,33,80,36,70,374
Doctor Doom,bad,Male,brown,Human,Brown,Marvel Comics,,201,187,1009281,100,32,20,100,93,84,429
Doctor Doom II,bad,Male,brown,,Brown,Marvel Comics,,201,132,1011585,1,32,1,1,0,1,36
Doctor Fate,good,Male,blue,Human,Blond,DC Comics,,188,89,1011586,81,16,25,80,100,50,352
Doctor Octopus,bad,Male,brown,Human,Brown,Marvel Comics,,175,110,1009276,1,1,1,1,0,1,5
Doctor Strange,good,Male,grey,Human,Black,Marvel Comics,,188,81,1009282,100,10,12,84,100,60,366
Domino,good,Female,blue,Human,Black,Marvel Comics,white,173,54,1009277,63,10,27,28,49,74,251
Donatello,good,Male,green,Mutant,No Hair,IDW Publishing,green,-99,-99,1011587,,,,,,,
Donna Troy,good,Female,blue,Amazon,Black,DC Comics,,175,63,1011588,1,1,1,1,0,1,5
Doomsday,bad,Male,red,Alien,White,DC Comics,,244,412,1011589,88,80,67,120,100,90,545
Doppelganger,bad,Male,white,,No Hair,Marvel Comics,,196,104,1011590,8,63,60,95,62,84,372
Dormammu,bad,Male,yellow,,No Hair,Marvel Comics,,185,-99,1009280,88,95,83,100,100,80,546
Dr Manhattan,good,Male,white,Human / Cosmic,No Hair,DC Comics,blue,-99,-99,1011591,88,32,42,95,100,42,399
Drax the Destroyer,good,Male,red,Human / Altered,No Hair,Marvel Comics,green,193,306,1011592,,,,,,,
ERG-1,good,Male,,,,DC Comics,,-99,-99,1011598,1,1,1,1,0,1,5
Ego,bad,-,,,,Marvel Comics,,-99,-99,1011060,88,80,83,99,71,28,449
Elastigirl,good,Female,brown,Human,Brown,Dark Horse Comics,,168,56,1011593,38,32,12,90,20,14,206
Electro,bad,Male,blue,Human,Auburn,Marvel Comics,,180,74,1009287,69,10,50,56,67,64,316
Elektra,good,Female,blue,Human,Black,Marvel Comics,,175,59,1009288,63,11,30,28,59,100,291
Elle Bishop,bad,Female,blue,,Blond,NBC - Heroes,,-99,-99,1011594,50,8,12,42,63,42,217
Elongated Man,good,Male,blue,,Red,DC Comics,,185,80,1011595,38,10,27,90,41,42,248
Emma Frost,good,Female,blue,,Blond,Marvel Comics,,178,65,1009310,75,63,35,90,82,42,387
Enchantress,good,Female,blue,Human,Blond,DC Comics,,168,57,1011596,,,,,,,
Energy,good,Female,,,,HarperCollins,,-99,-99,1011597,1,1,1,1,0,1,5
Ethan Hunt,good,Male,brown,Human,Brown,,,168,-99,1011599,,,,,,,
Etrigan,neutral,Male,red,Demon,No Hair,DC Comics,yellow,193,203,1011600,,,,,,,
Evil Deadpool,bad,Male,white,Mutant,Red,Marvel Comics,,188,95,1011601,,,,,,,
Evilhawk,bad,Male,red,Alien,Black,Marvel Comics,green,191,106,1011602,50,32,33,70,78,64,327
Exodus,bad,Male,blue,Mutant,Black,Marvel Comics,red,183,88,1009295,63,81,28,28,100,70,370
Fabian Cortez,bad,-,blue,,Brown,Marvel Comics,,196,96,1009248,1,1,1,1,0,1,5
Falcon,good,Male,brown,Human,Black,Marvel Comics,,188,108,1009297,38,13,50,28,22,64,215
Fallen One II,bad,Male,black,,Blue,Marvel Comics,,-99,-99,1011603,88,85,83,100,100,56,512
Faora,bad,Female,,Kryptonian,,DC Comics,,-99,-99,1011604,88,95,75,100,87,90,535
Feral,good,-,yellow (without irises),,Orange / White,Marvel Comics,,175,50,1011213,38,28,45,28,20,70,229
Fighting Spirit,good,Female,,,Red,DC Comics,,-99,-99,1011605,1,1,1,1,0,1,5
Fin Fang Foom,good,Male,red,Kakarantharaian,No Hair,Marvel Comics,green,975,18,1009303,50,81,23,100,68,70,392
Firebird,good,Female,brown,,Black,Marvel Comics,,165,56,1010868,38,8,40,14,90,42,232
Firelord,good,-,white,,Yellow,Marvel Comics,,193,99,1009305,38,63,75,90,48,28,342
Firestar,good,Female,green,Mutant,Red,Marvel Comics,,173,56,1009306,50,8,54,55,71,32,270
Firestorm,good,Male,brown,,Black,DC Comics,,-99,-99,1011606,50,53,58,56,100,42,359
Fixer,bad,-,red,,No Hair,Marvel Comics,,-99,-99,1011607,1,1,1,1,0,1,5
Flash,good,Male,blue,Human,Brown / White,DC Comics,,180,81,1011608,,,,,,,
Flash Gordon,good,Male,,,,,,-99,-99,1011609,1,1,1,1,0,1,5
Flash II,good,Male,blue,Human,Blond,DC Comics,,183,88,1011610,63,10,100,60,66,32,331
Flash III,good,Male,,Human,,DC Comics,,183,86,1011611,63,10,100,60,83,32,348
Flash IV,good,Male,yellow,Human,Auburn,DC Comics,,157,52,1011612,63,10,100,32,59,48,312
Forge,good,-,brown,,Black,Marvel Comics,,183,81,1009309,63,10,12,28,12,48,173
Franklin Richards,good,Male,blue,Mutant,Blond,Marvel Comics,,142,45,1009539,1,1,1,1,0,1,5
Franklin Storm,good,-,blue,,Grey,Marvel Comics,,188,92,1010980,38,10,1,1,0,10,60
Frenzy,bad,Female,brown,,Black,Marvel Comics,,211,104,1011613,63,53,35,100,38,52,341
Frigga,good,Female,blue,,White,Marvel Comics,,180,167,1011614,1,1,1,1,0,1,5
Galactus,neutral,Male,black,Cosmic Entity,Black,Marvel Comics,,876,16,1009312,100,100,83,100,100,70,553
Gambit,good,Male,red,Mutant,Brown,Marvel Comics,,185,81,1009313,63,10,23,28,55,84,263
Gamora,good,Female,yellow,ZenWhoberian,Black,Marvel Comics,green,183,77,1010763,,,,,,,
Garbage Man,good,Male,,Mutant,,DC Comics,,-99,-99,1011615,1,1,1,1,0,1,5
Gary Bell,good,Male,,Alpha,,SyFy,,-99,-99,1011616,63,5,8,10,54,10,150
General Zod,bad,Male,black,Kryptonian,Black,DC Comics,,-99,-99,1011617,94,100,96,100,94,95,579
Genesis,good,Male,blue,,Blond,Marvel Comics,,185,86,1009317,1,1,1,1,0,1,5
Ghost Rider,good,Male,red,Demon,No Hair,Marvel Comics,,188,99,1011618,50,55,25,100,70,60,360
Ghost Rider II,good,-,,,,Marvel Comics,,-99,-99,1011619,1,1,1,1,0,1,5
Giant-Man,good,Male,,Human,,Marvel Comics,,-99,-99,1011620,1,1,1,1,0,1,5
Giant-Man II,good,Male,,,,Marvel Comics,,-99,-99,1011621,1,1,1,1,0,1,5
Giganta,bad,Female,green,,Red,DC Comics,,62.5,630,1011622,81,89,23,85,32,42,352
Gladiator,neutral,Male,blue,Strontian,Blue,Marvel Comics,purple,198,268,1011623,,,,,,,
Goblin Queen,bad,Female,green,,Red,Marvel Comics,,168,50,1009322,75,10,23,28,65,56,257
Godzilla,bad,-,,Kaiju,,,grey,108,,1011624,,,,,,,
Gog,bad,Male,,,,DC Comics,,-99,-99,1011625,50,34,47,72,39,56,298
Goku,good,Male,,Saiyan,,Shueisha,,175,62,1011626,56,100,75,90,100,100,521
Goliath,good,Male,,,,Marvel Comics,,-99,-99,1011627,1,1,1,1,0,1,5
Goliath IV,good,Male,brown,,Black,Marvel Comics,,183,90,1011628,1,1,1,1,0,1,5
Gorilla Grodd,bad,Male,yellow,Gorilla,Black,DC Comics,,198,270,1011629,,,,,,,
Granny Goodness,bad,Female,blue,,White,DC Comics,,178,115,1011630,1,1,1,1,0,1,5
Gravity,good,Male,blue,Human,Brown,Marvel Comics,,178,79,1010702,50,32,33,40,72,30,257
Greedo,bad,Male,purple,Rodian,,George Lucas,green,170,-99,1011631,,,,,,,
Green Arrow,good,Male,green,Human,Blond,DC Comics,,188,88,1011632,75,12,35,28,26,90,266
Green Goblin,bad,Male,blue,Human,Auburn,Marvel Comics,,180,83,1011633,75,48,35,48,38,28,272
Green Goblin II,bad,Male,blue,,Auburn,Marvel Comics,,178,77,1011634,75,55,37,50,38,26,281
Green Goblin III,good,Male,,,,Marvel Comics,,183,88,1011635,1,1,1,1,0,1,5
Green Goblin IV,good,Male,green,,Brown,Marvel Comics,,178,79,1011636,1,1,1,1,0,1,5
Groot,good,Male,yellow,Flora Colossus,,Marvel Comics,,701,4,1010743,75,85,33,70,92,64,419
Guardian,good,Male,brown,Human,Black,Marvel Comics,,-99,-99,1009330,1,1,1,1,0,1,5
Guy Gardner,good,Male,blue,HumanVuldarian,Red,DC Comics,,188,95,1011637,38,80,27,64,97,64,370
Hal Jordan,good,Male,brown,Human,Brown,DC Comics,,188,90,1011638,63,90,53,64,100,56,426
Han Solo,good,Male,brown,Human,Brown,George Lucas,,183,79,1011639,,,,,,,
Hancock,good,Male,brown,Human,Black,Sony Pictures,,188,-99,1011640,50,85,65,100,70,28,398
Harley Quinn,bad,Female,blue,Human,Blond,DC Comics,,170,63,1011641,81,12,23,42,30,80,268
Harry Potter,good,Male,green,Human,Black,J. K. Rowling,,-99,-99,1011642,,,,,,,
Havok,good,Male,blue,Mutant,Blond,Marvel Comics,,183,79,1009337,63,10,25,60,71,45,274
Hawk,good,Male,red,,Brown,DC Comics,,185,89,1011643,38,38,35,95,36,42,284
Hawkeye,good,Male,blue,Human,Blond,Marvel Comics,,191,104,1009338,50,12,23,14,26,80,205
Hawkeye II,good,Female,blue,Human,Black,Marvel Comics,,165,57,1011644,50,6,8,10,24,50,148
Hawkgirl,good,Female,green,,Red,DC Comics,,175,61,1011645,50,28,53,99,74,72,376
Hawkman,good,Male,blue,,Brown,DC Comics,,185,88,1011646,1,1,1,1,0,1,5
Hawkwoman,good,Female,green,,Red,DC Comics,,175,54,1011647,,,,,,,
Hawkwoman II,good,Female,,,,DC Comics,,-99,-99,1011648,1,1,1,1,0,1,5
Hawkwoman III,good,Female,blue,,Red,DC Comics,,170,65,1011649,1,1,1,1,0,1,5
Heat Wave,bad,Male,blue,Human,No Hair,DC Comics,,180,81,1011650,,,,,,,
Hela,bad,Female,green,Asgardian,Black,Marvel Comics,,213,225,1011651,,,,,,,
Hellboy,good,Male,gold,Demon,Black,Dark Horse Comics,,259,158,1011652,63,53,23,85,30,75,329
Hellcat,good,Female,blue,Human,Red,Marvel Comics,,173,61,1011653,50,10,23,42,18,70,213
Hellstorm,good,Male,red,,Red,Marvel Comics,,185,81,1011654,1,1,1,1,0,1,5
Hercules,good,Male,blue,DemiGod,Brown,Marvel Comics,,196,146,1009343,63,100,46,85,67,100,461
Hiro Nakamura,good,Male,,,,NBC - Heroes,,-99,-99,1011655,1,1,1,1,0,1,5
Hit-Girl,good,Female,,Human,,Icon Comics,,-99,-99,1011656,10,8,23,14,21,56,132
Hobgoblin,bad,Male,blue,,Grey,Marvel Comics,,180,83,1011657,1,1,1,1,0,1,5
Hollow,good,Female,blue,,Red,Marvel Comics,,170,-99,1011658,1,1,1,1,0,1,5
Hope Summers,good,Female,green,,Red,Marvel Comics,,168,48,1011428,63,10,12,32,89,75,281
Howard the Duck,good,Male,brown,,Yellow,Marvel Comics,,79,18,1011659,1,1,1,1,0,1,5
Hulk,good,Male,green,Human / Radiation,Green,Marvel Comics,green,244,630,1009351,88,100,47,100,41,85,461
Human Torch,good,Male,blue,Human / Radiation,Blond,Marvel Comics,,178,77,1009356,56,10,63,70,74,42,315
Huntress,good,Female,blue,,Black,DC Comics,,180,59,1011660,69,10,23,28,34,95,259
Husk,good,Female,blue,Mutant,Blond,Marvel Comics,,170,58,1009357,63,63,35,78,53,64,356
Hybrid,good,Male,brown,Symbiote,Black,Marvel Comics,,175,77,1011661,,,,,,,
Hydro-Man,bad,Male,brown,,Brown,Marvel Comics,,188,119,1009360,38,13,25,80,66,50,272
Hyperion,good,Male,blue,Eternal,Red,Marvel Comics,,183,207,1011662,63,95,75,95,58,72,458
Iceman,good,Male,brown,Mutant,Brown,Marvel Comics,,173,65,1009362,63,32,53,100,100,64,412
Impulse,good,Male,yellow,Human,Auburn,DC Comics,,170,65,1011663,50,10,100,60,63,60,343
Indiana Jones,good,Male,,Human,,George Lucas,,183,79,1011664,,,,,,,
Indigo,neutral,Female,,Alien,Purple,DC Comics,,-99,-99,1011665,,,,,,,
Ink,good,Male,blue,Mutant,No Hair,Marvel Comics,,180,81,1011293,38,28,17,40,66,50,239
Invisible Woman,good,Female,blue,Human / Radiation,Blond,Marvel Comics,,168,54,1009366,69,10,27,70,74,56,306
Iron Fist,good,Male,blue,Human,Blond,Marvel Comics,,180,79,1011666,75,23,35,42,43,100,318
Iron Man,good,Male,blue,Human,Black,Marvel Comics,,198,191,1009368,100,85,58,85,100,64,492
Iron Monger,bad,Male,blue,,No Hair,Marvel Comics,,-99,2,1011667,88,63,25,90,57,56,379
Isis,good,Female,,,,DC Comics,,-99,-99,1011668,75,48,75,46,43,56,343
JJ Powell,good,Male,,,,ABC Studios,,-99,-99,1011682,88,10,8,10,14,10,140
Jack Bauer,good,Male,,,,,,-99,-99,1011669,1,1,1,1,0,1,5
Jack of Hearts,good,Male,blue / white,Human,Brown,Marvel Comics,,155,79,1011670,63,55,100,30,70,30,348
Jack-Jack,good,Male,blue,Human,Brown,Dark Horse Comics,,71,14,1011671,,,,,,,
James Bond,good,Male,blue,Human,Blond,Titan Books,,183,-99,1011672,,,,,,,
James T. Kirk,good,Male,hazel,Human,Brown,Star Trek,,178,77,1011673,,,,,,,
Jar Jar Binks,good,Male,yellow,Gungan,,George Lucas,orange / white,193,-99,1011674,,,,,,,
Jason Bourne,good,Male,,Human,,,,-99,-99,1011675,,,,,,,
Jean Grey,good,Female,green,Mutant,Red,Marvel Comics,,168,52,1009327,100,80,67,100,100,70,517
Jennifer Kale,good,Female,blue,,Blond,Marvel Comics,,168,55,1011677,75,10,35,42,61,72,295
Jesse Quick,good,Female,,Human,,DC Comics,,-99,-99,1011678,,,,,,,
Jessica Cruz,good,Female,green,Human,Brown,DC Comics,,-99,-99,1011679,,,,,,,
Jessica Jones,good,Female,brown,Human,Brown,Marvel Comics,,170,56,1009378,,,,,,,
Jessica Sanders,good,Female,,,,NBC - Heroes,,-99,-99,1011680,1,1,1,1,0,1,5
Jigsaw,bad,Male,blue,,Black,Marvel Comics,,188,113,1009374,1,1,1,1,0,1,5
Jim Powell,good,Male,,,,ABC Studios,,-99,-99,1011681,38,38,23,80,23,20,222
Johann Krauss,good,Male,,,,Dark Horse Comics,,-99,-99,1011683,1,1,1,1,0,1,5
John Constantine,good,Male,blue,Human,Blond,DC Comics,,183,-99,1011684,,,,,,,
John Stewart,good,Male,green,Human,Black,DC Comics,,185,90,1011685,50,80,27,64,94,54,369
John Wraith,good,Male,brown,,Black,Marvel Comics,,183,88,1009721,75,12,35,28,65,80,295
Joker,bad,Male,green,Human,Green,DC Comics,white,196,86,1011686,100,10,12,56,22,90,290
Jolt,good,Female,blue,,Black,Marvel Comics,,165,49,1011687,63,12,27,32,31,42,207
Jubilee,good,Female,red,Mutant,Black,Marvel Comics,,165,52,1009381,56,8,22,20,66,90,262
Judge Dredd,good,Male,,Human,,Rebellion,,188,-99,1011688,,,,,,,
Juggernaut,neutral,Male,blue,Human,Red,Marvel Comics,,287,855,1009382,44,100,42,100,74,70,430
Junkpile,bad,Male,,Mutant,,Marvel Comics,,-99,-99,1011689,50,38,17,90,71,30,296
Justice,good,Male,hazel,Human,Brown,Marvel Comics,,178,81,1010760,50,10,33,70,55,30,248
Jyn Erso,good,Female,green,Human,Brown,George Lucas,,-99,-99,1011690,,,,,,,
K-2SO,good,Male,white,Android,No Hair,George Lucas,gray,213,-99,1011691,,,,,,,
Kang,bad,Male,brown,,Brown,Marvel Comics,,191,104,1009384,100,48,58,70,71,70,417
Karate Kid,good,Male,brown,Human,Brown,DC Comics,,173,72,1011692,,,,,,,
Kathryn Janeway,good,Female,,Human,,Star Trek,,-99,-99,1011693,,,,,,,
Katniss Everdeen,good,Female,,Human,,,,-99,-99,1011694,,,,,,,
Kevin 11,good,Male,,Human,Black,DC Comics,,-99,-99,1011695,25,7,12,14,100,40,198
Kick-Ass,good,Male,blue,Human,Blond,Icon Comics,,-99,-99,1011696,10,10,23,14,21,56,134
Kid Flash,good,Male,green,Human,Red,DC Comics,,-99,-99,1011697,25,4,92,42,13,30,206
Kid Flash II,good,Male,,,,DC Comics,,-99,-99,1011698,1,1,1,1,0,1,5
Killer Croc,bad,Male,red,Metahuman,No Hair,DC Comics,green,244,356,1011699,25,48,33,85,36,60,287
Killer Frost,bad,Female,blue,Human,Blond,DC Comics,blue,-99,-99,1011700,,,,,,,
Kilowog,good,Male,red,Bolovaxian,No Hair,DC Comics,pink,234,324,1011701,81,90,53,42,100,80,446
King Kong,good,Male,yellow,Animal,Black,,,30.5,,1011702,,,,,,,
King Shark,bad,Male,black,Animal,No Hair,DC Comics,,-99,-99,1011703,,,,,,,
Kingpin,bad,Male,blue,Human,No Hair,Marvel Comics,,201,203,1009389,75,18,25,40,13,70,241
Klaw,bad,Male,red,Human,No Hair,Marvel Comics,red,188,97,1009390,63,38,33,100,62,60,356
Kool-Aid Man,good,Male,black,,No Hair,,red,-99,-99,1011704,25,10,12,14,10,14,85
Kraven II,bad,Male,brown,Human,Black,Marvel Comics,,191,99,1011705,50,34,23,28,36,85,256
Kraven the Hunter,bad,Male,brown,Human,Black,Marvel Comics,,183,106,1009391,63,32,35,42,26,85,283
Krypto,good,Male,blue,Kryptonian,White,DC Comics,,64,18,1011706,9,80,100,90,72,40,391
Kyle Rayner,good,Male,green,Human,Black,DC Comics,,180,79,1011707,,,,,,,
Kylo Ren,bad,Male,,Human,,George Lucas,,-99,-99,1011708,,,,,,,
Lady Bullseye,bad,Female,,,Black,Marvel Comics,,-99,-99,1011327,1,1,1,1,0,1,5
Lady Deathstrike,bad,Female,brown,Cyborg,Black,Marvel Comics,,175,58,1009393,1,1,1,1,0,1,5
Leader,bad,Male,green,,No Hair,Marvel Comics,,178,63,1009398,100,10,12,14,58,42,236
Leech,good,Male,,,,Marvel Comics,,-99,-99,1011092,25,5,12,14,62,14,132
Legion,good,Male,green / blue,Mutant,Black,Marvel Comics,,175,59,1009399,,,,,,,
Leonardo,good,Male,blue,Mutant,No Hair,IDW Publishing,green,-99,-99,1011709,,,,,,,
Lex Luthor,bad,Male,green,Human,No Hair,DC Comics,,188,95,1011710,100,10,12,14,10,28,174
Light Lass,good,Female,blue,,Red,DC Comics,,165,54,1011711,38,10,35,28,65,42,218
Lightning Lad,good,Male,blue,,Red,DC Comics,,155,65,1011712,38,10,23,28,60,42,201
Lightning Lord,bad,Male,blue,,Red,DC Comics,,191,95,1011713,44,10,23,42,66,42,227
Living Brain,bad,-,yellow,,,Marvel Comics,,198,360,1011714,75,53,35,56,31,28,278
Living Tribunal,neutral,-,blue,Cosmic Entity,No Hair,Marvel Comics,gold,-99,-99,1011059,,,,,,,
Liz Sherman,good,Female,,,,Dark Horse Comics,,-99,-99,1011715,1,1,1,1,0,1,5
Lizard,bad,Male,red,Human,No Hair,Marvel Comics,,203,230,1009404,38,51,27,70,40,56,282
Lobo,neutral,Male,red,Czarnian,Black,DC Comics,bluewhite,229,288,1011716,88,83,35,100,95,85,486
Loki,bad,Male,green,Asgardian,Black,Marvel Comics,,193,236,1009407,88,57,47,85,85,56,418
Longshot,good,Male,blue,Human,Blond,Marvel Comics,,188,36,1009408,50,10,27,10,71,70,238
Luke Cage,good,Male,brown,Human,Black,Marvel Comics,,198,191,1009215,44,55,23,95,35,64,316
Luke Campbell,bad,Male,,,,NBC - Heroes,,-99,-99,1011717,1,1,1,1,0,1,5
Luke Skywalker,good,Male,blue,Human,Blond,George Lucas,,168,77,1011718,,,,,,,
Luna,good,Female,,Human,,Marvel Comics,,-99,-99,1011719,38,6,83,14,53,14,208
Lyja,good,Female,green,,Green,Marvel Comics,,-99,-99,1010896,1,1,1,1,0,1,5
MODOK,bad,Male,white,Cyborg,Brownn,Marvel Comics,,366,338,1011748,,,,,,,
Mach-IV,bad,Male,brown,,Brown,Marvel Comics,,180,79,1011720,75,36,60,84,60,56,371
Machine Man,good,-,red,,Black,Marvel Comics,,183,383,1010805,63,32,35,84,51,64,329
Magneto,bad,Male,grey,Mutant,White,Marvel Comics,,188,86,1009417,88,80,27,84,91,80,450
Magog,good,Male,blue,,Blond,DC Comics,,-99,-99,1011721,50,48,23,64,66,72,323
Magus,bad,Male,black,,,Marvel Comics,,183,-99,1011722,88,100,70,99,100,74,531
Man of Miracles,-,-,blue,God / Eternal,Silver,Image Comics,,-99,-99,1011723,,,,,,,
Man-Bat,neutral,Male,brown,Human,Brown,DC Comics,,-99,-99,1011724,38,18,50,70,33,30,239
Man-Thing,good,Male,red,,No Hair,Marvel Comics,green,213,225,1009420,50,32,8,100,98,40,328
Man-Wolf,good,Male,brown,,Auburn,Marvel Comics,,188,90,1010811,63,44,35,42,38,70,292
Mandarin,bad,Male,blue,Human,White,Marvel Comics,,188,97,1009421,100,28,23,28,99,95,373
Mantis,good,Female,green,HumanKree,Black,Marvel Comics,green,168,52,1011026,,,,,,,
Martian Manhunter,good,Male,red,Martian,No Hair,DC Comics,green,201,135,1011725,100,100,96,100,100,85,581
Marvel Girl,good,Female,green,,Red,Marvel Comics,,170,56,1011726,63,85,47,42,100,80,417
Master Brood,good,Male,blue,,Black,Team Epic TV,,183,81,1011727,1,1,1,1,0,1,5
Master Chief,good,Male,brown,Human / Altered,Brown,Microsoft,,213,-99,1010732,75,73,35,80,62,100,425
Match,bad,Male,black,,Black,DC Comics,,-99,-99,1011728,75,95,83,85,90,70,498
Matt Parkman,good,Male,,,,NBC - Heroes,,-99,-99,1011729,63,10,12,14,59,56,214
Maverick,good,Male,blue,,Black,Marvel Comics,,193,110,1011730,63,10,12,42,60,85,272
Maxima,bad,Female,brown,,Red,DC Comics,,180,72,1011731,75,90,35,56,67,75,398
Maya Herrera,good,Female,,,,NBC - Heroes,,-99,-99,1011732,50,10,12,14,60,14,160
Medusa,good,Female,green,Inhuman,Red,Marvel Comics,,180,59,1009438,75,34,35,70,35,56,305
Meltdown,good,Female,blue,,Blond,Marvel Comics,,165,54,1009439,38,10,12,42,58,64,224
Mephisto,bad,Male,white,,Black,Marvel Comics,,198,140,1009440,88,85,35,95,100,42,445
Mera,good,Female,blue,Atlantean,Red,DC Comics,,175,72,1011733,56,62,54,70,55,70,367
Metallo,bad,Male,green,Android,Brown,DC Comics,,196,90,1011734,75,53,23,95,74,64,384
Metamorpho,good,Male,black,,No Hair,DC Comics,,185,90,1011735,1,1,1,1,0,1,5
Meteorite,good,Female,,,,Marvel Comics,,-99,-99,1010361,1,1,1,1,0,1,5
Metron,good,Male,blue,,Black,DC Comics,,185,86,1011736,88,10,47,56,69,28,298
Micah Sanders,good,Male,brown,,Black,NBC - Heroes,,-99,-99,1011737,63,8,12,14,57,14,168
Michelangelo,good,Male,blue,Mutant,,IDW Publishing,green,-99,-99,1011738,,,,,,,
Micro Lad,good,Male,grey,,Brown,DC Comics,,183,77,1011739,38,28,27,28,44,32,197
Mimic,good,Male,brown,,Brown,Marvel Comics,,188,101,1009445,63,67,47,56,79,42,354
Minna Murray,good,Female,,,,Wildstorm,,-99,-99,1011740,1,1,1,1,0,1,5
Misfit,good,Female,blue,,Red,DC Comics,,-99,-99,1011741,63,32,23,80,62,42,302
Miss Martian,good,Female,red,,Red,DC Comics,,178,61,1011742,63,85,58,100,100,45,451
Mister Fantastic,good,Male,brown,Human / Radiation,Brown,Marvel Comics,,185,81,1011743,100,10,18,70,32,64,294
Mister Freeze,bad,Male,,Human,,DC Comics,,183,86,1011744,75,32,12,70,37,28,254
Mister Knife,bad,Male,blue,Spartoi,Brown,Marvel Comics,,-99,-99,1011745,,,,,,,
Mister Mxyzptlk,bad,Male,,God / Eternal,,DC Comics,,-99,-99,1011746,113,10,12,14,100,28,277
Mister Sinister,bad,Male,red,Human / Altered,Black,Marvel Comics,,196,128,1009447,1,1,1,1,0,1,5
Mister Zsasz,bad,Male,blue,Human,Blond,DC Comics,,-99,-99,1011747,,,,,,,
Mockingbird,good,Female,blue,Human,Blond,Marvel Comics,,175,61,1011220,,,,,,,
Mogo,good,Male,,Planet,,DC Comics,,-99,-99,1011749,1,1,1,1,0,1,5
Mohinder Suresh,good,Male,,,,NBC - Heroes,,-99,-99,1011750,1,1,1,1,0,1,5
Moloch,bad,Male,,,,DC Comics,,-99,-99,1011751,1,1,1,1,0,1,5
Molten Man,bad,Male,gold,,Gold,Marvel Comics,,196,248,1011370,50,73,23,84,53,56,339
Monarch,good,Male,blue,,White,DC Comics,,193,90,1011752,1,1,1,1,0,1,5
Monica Dawson,good,Female,,,,NBC - Heroes,,-99,-99,1011753,50,10,35,14,48,90,247
Moon Knight,good,Male,brown,Human,Brown,Marvel Comics,,188,101,1009452,50,36,23,42,28,75,254
Moonstone,bad,Female,blue,,Blond,Marvel Comics,,180,59,1010362,56,67,47,52,79,80,381
Morlun,bad,Male,white / red,,Black,Marvel Comics,,188,79,1011088,63,60,35,42,59,56,315
Morph,good,Male,white,,No Hair,Marvel Comics,,178,79,1009456,1,1,1,1,0,1,5
Moses Magnum,bad,Male,brown,,Black,Marvel Comics,,175,72,1011754,75,28,12,42,55,56,268
Mr Immortal,good,Male,blue,Mutant,Blond,Marvel Comics,,188,70,1011755,,,,,,,
Mr Incredible,good,Male,blue,Human,Blond,Dark Horse Comics,,201,158,1011756,38,73,35,95,25,42,308
Ms Marvel II,good,Female,blue,,Red,Marvel Comics,,173,61,1011757,38,63,23,84,11,56,275
Multiple Man,good,Male,blue,,Brown,Marvel Comics,,180,70,1011056,63,11,23,70,28,62,257
Mysterio,bad,Male,brown,Human,No Hair,Marvel Comics,,180,79,1009464,,,,,,,
Mystique,bad,Female,yellow (without irises),Mutant,Red / Orange,Marvel Comics,blue,178,54,1009465,75,12,23,64,58,74,306
Namor,good,Male,,,,Marvel Comics,,-99,-99,1009466,1,1,1,1,0,1,5
Namora,good,Female,blue,,Blond,Marvel Comics,,180,85,1009468,50,85,42,42,41,64,324
Namorita,good,Female,blue,,Blond,Marvel Comics,,168,101,1009469,50,72,47,70,30,70,339
Naruto Uzumaki,good,Male,,Human,,Shueisha,,168,54,1011758,50,80,32,80,100,100,442
Nathan Petrelli,good,Male,brown,,,NBC - Heroes,,-99,-99,1011759,1,1,1,1,0,1,5
Nebula,bad,Female,blue,Luphomoid,No Hair,Marvel Comics,blue,185,83,1010365,,,,,,,
Negasonic Teenage Warhead,good,Female,black,Mutant,Black,Marvel Comics,,-99,-99,1011760,,,,,,,
Nick Fury,good,Male,brown,Human,Brown / White,Marvel Comics,,185,99,1009471,75,11,23,42,25,100,276
Nightcrawler,good,Male,yellow,,Indigo,Marvel Comics,,175,88,1009472,50,10,47,14,52,80,253
Nightwing,good,Male,blue,Human,Black,DC Comics,,178,79,1011761,88,11,33,28,36,100,296
Niki Sanders,good,Female,blue,,Blond,NBC - Heroes,,-99,-99,1011762,63,52,35,28,37,56,271
Nina Theroux,good,Female,,Alpha,,SyFy,,-99,-99,1011763,63,5,8,10,54,20,160
Nite Owl II,good,Male,,,,DC Comics,,-99,-99,1011764,1,1,1,1,0,1,5
Northstar,good,Male,blue,,Black,Marvel Comics,,180,83,1009476,50,18,83,56,70,70,347
Nova,good,Male,brown,Human,Brown,Marvel Comics,,185,86,1009477,100,85,67,101,100,85,538
Odin,good,Male,blue,God / Eternal,White,Marvel Comics,,206,293,1009480,,,,,,,
Offspring,good,Male,,,,DC Comics,,-99,-99,1011765,50,10,35,99,100,56,350
Omega Red,bad,Male,red,,Blond,Marvel Comics,,211,191,1009482,1,1,1,1,0,1,5
Omniscient,good,Male,brown,,Black,Team Epic TV,,180,65,1011766,1,1,1,1,0,1,5
One Punch Man,good,Male,,Human,No Hair,Shueisha,,175,69,1011767,,,,,,,
One-Above-All,neutral,-,,Cosmic Entity,,Marvel Comics,,-99,-99,1011768,,,,,,,
Onslaught,bad,Male,red,Mutant,No Hair,Marvel Comics,,305,405,1009483,88,85,47,100,100,85,505
Oracle,good,Female,blue,Human,Red,DC Comics,,178,59,1009484,,,,,,,
Osiris,good,Male,brown,,Brown,DC Comics,,-99,-99,1011769,75,85,60,95,65,42,422
Overtkill,bad,Male,,,,Image Comics,,-99,-99,1011770,1,1,1,1,0,1,5
Ozymandias,bad,Male,blue,Human,Blond,DC Comics,,-99,-99,1009488,,,,,,,
Parademon,bad,-,,Parademon,,DC Comics,,-99,-99,1011771,,,,,,,
Paul Blart,good,Male,,Human,,Sony Pictures,,170,117,1011772,,,,,,,
Penance,good,-,,,,Marvel Comics,,-99,-99,1011773,1,1,1,1,0,1,5
Penance I,good,Female,,,,Marvel Comics,,-99,-99,1011774,1,1,1,1,0,1,5
Penance II,good,Male,blue,,Blond,Marvel Comics,,183,89,1011775,1,1,1,1,0,1,5
Penguin,bad,Male,blue,Human,Black,DC Comics,,157,79,1011776,75,10,12,28,30,45,200
Peter Petrelli,good,Male,,,,NBC - Heroes,,-99,-99,1011777,63,28,23,28,69,56,267
Phantom,good,Male,,,,DC Comics,,-99,-99,1011778,1,1,1,1,0,1,5
Phantom Girl,good,Female,blue,,Black,DC Comics,,168,54,1011779,38,10,23,28,53,42,194
Phoenix,good,Female,green,Mutant,Red,Marvel Comics,,168,52,1011780,100,80,67,100,100,70,517
Plantman,bad,Male,green,Mutant,Grey,Marvel Comics,,183,87,1011781,,,,,,,
Plastic Lad,good,Male,,,,DC Comics,,-99,-99,1011782,1,1,1,1,0,1,5
Plastic Man,good,Male,blue,Human,Black,DC Comics,,185,80,1011783,50,63,23,100,100,56,392
Plastique,bad,Female,blue,,Red,DC Comics,,168,55,1011784,50,10,23,28,60,42,213
Poison Ivy,bad,Female,green,Human,Red,DC Comics,green,168,50,1011785,69,14,23,14,71,36,227
Polaris,good,Female,green,Mutant,Green,Marvel Comics,,170,52,1009499,,,,,,,
Power Girl,good,Female,blue,Kryptonian,Blond,DC Comics,,180,81,1011786,88,98,67,95,67,75,490
Power Man,good,Male,,Mutant,,Marvel Comics,,-99,-99,1011787,1,1,1,1,0,1,5
Predator,bad,Male,,Yautja,,Dark Horse Comics,,213,234,1011788,,,,,,,
Professor X,good,Male,blue,Mutant,No Hair,Marvel Comics,,183,86,1009504,100,8,12,14,90,32,256
Professor Zoom,bad,Male,blue,Human,Strawberry Blond,DC Comics,,180,81,1011789,,,,,,,
Proto-Goblin,bad,Male,green,,Blond,Marvel Comics,,-99,-99,1011790,63,38,23,48,22,28,222
Psylocke,good,Female,blue,Mutant,Purple,Marvel Comics,,180,70,1009512,1,1,1,1,0,1,5
Punisher,good,Male,blue,Human,Black,Marvel Comics,,183,90,1009515,50,16,23,28,22,100,239
Purple Man,bad,Male,purple,Human,Purple,Marvel Comics,purple,180,74,1009520,,,,,,,
Pyro,bad,Male,blue,,Blond,Marvel Comics,,178,68,1009522,38,10,12,14,50,28,152
Q,-,Male,,God / Eternal,,Star Trek,,-99,-99,1011791,,,,,,,
Quantum,good,Male,,,,HarperCollins,,-99,-99,1011792,1,1,1,1,0,1,5
Question,good,Male,blue,Human,Blond,DC Comics,,188,83,1011793,81,14,27,35,20,80,257
Quicksilver,good,Male,blue,Mutant,Silver,Marvel Comics,,183,79,1009524,63,28,100,60,57,56,364
Quill,good,Male,brown,,Brown,Marvel Comics,,163,56,1011794,38,10,12,14,23,14,111
Ra's Al Ghul,bad,Male,green,Human,Grey,DC Comics,,193,97,1011795,100,28,32,42,27,100,329
Rachel Pirzad,good,Female,,Alpha,,SyFy,,-99,-99,1011796,63,4,8,10,52,10,147
Rambo,good,Male,brown,Human,Black,,,178,83,1011797,,,,,,,
Raphael,good,Male,,Mutant,No Hair,IDW Publishing,green,-99,-99,1011798,,,,,,,
Raven,neutral,Female,indigo,Human,Black,DC Comics,,165,50,1011799,50,10,29,70,62,40,261
Ray,good,Male,green,Human,Red,DC Comics,,178,70,1011800,,,,,,,
Razor-Fist II,bad,Male,blue,,No Hair,Marvel Comics,,191,117,1011801,1,1,1,1,0,1,5
Red Arrow,good,Male,green,Human,Red,DC Comics,,180,83,1011802,63,16,25,20,24,80,228
Red Hood,neutral,Male,blue,Human,Black,DC Comics,,183,81,1011803,75,12,23,28,24,95,257
Red Hulk,neutral,Male,yellow,Human / Radiation,Black,Marvel Comics,red,213,630,1011360,50,88,47,95,59,75,414
Red Mist,bad,Male,,,,Icon Comics,,-99,-99,1011804,25,10,23,14,20,56,148
Red Robin,good,Male,blue,Human,Black,DC Comics,,165,56,1011805,81,11,27,32,29,80,260
Red Skull,bad,Male,blue,,No Hair,Marvel Comics,,188,108,1009535,75,10,12,14,19,80,210
Red Tornado,good,Male,green,Android,No Hair,DC Comics,,185,146,1011806,75,38,67,60,92,40,372
Redeemer II,bad,Male,,,,Image Comics,,-99,-99,1011807,1,1,1,1,0,1,5
Redeemer III,bad,Male,,,,Image Comics,,-99,-99,1011808,1,1,1,1,0,1,5
Renata Soliz,good,Female,,,,HarperCollins,,-99,-99,1011809,1,1,1,1,0,1,5
Rey,good,Female,hazel,Human,Brown,George Lucas,,297,-99,1011810,,,,,,,
Rhino,bad,Male,brown,Human / Radiation,Brown,Marvel Comics,,196,320,1009537,25,80,43,90,37,85,360
Rick Flag,bad,Male,blue,,Brown,DC Comics,,185,85,1011811,88,11,23,28,19,95,264
Riddler,bad,Male,,,,DC Comics,,-99,-99,1011812,100,10,12,14,10,14,160
Rip Hunter,good,Male,blue,Human,Blond,DC Comics,,-99,-99,1011813,,,,,,,
Ripcord,good,Female,green,,Black,Marvel Comics,,180,72,1011814,1,1,1,1,0,1,5
Robin,good,Male,blue,Human,Black,DC Comics,,178,79,1011815,,,,,,,
Robin II,good,Male,blue,Human,Red,DC Comics,,183,101,1011816,1,1,1,1,0,1,5
Robin III,good,Male,blue,Human,Black,DC Comics,,165,56,1011817,81,11,27,28,30,85,262
Robin V,good,Male,blue,Human,Black,DC Comics,,137,38,1011818,69,8,33,16,29,65,220
Robin VI,neutral,Female,green,Human,Red,DC Comics,,-99,-99,1011819,,,,,,,
Rocket Raccoon,good,Male,brown,Animal,Brown,Marvel Comics,,122,25,1010744,50,5,23,28,28,64,198
Rogue,good,Female,green,,Brown / White,Marvel Comics,,173,54,1009546,75,10,12,28,80,80,285
Ronin,good,Male,blue,Human,Blond,Marvel Comics,,191,104,1011820,38,10,27,32,21,90,218
Rorschach,good,Male,blue,Human,Red,DC Comics,,168,63,1011821,75,10,29,20,23,80,237
Sabretooth,bad,Male,amber,Mutant,Blond,Marvel Comics,,198,171,1009554,55,53,25,90,28,100,351
Sage,good,Female,blue,,Black,Marvel Comics,,170,61,1009555,75,10,12,14,28,56,195
Sandman,neutral,Male,brown,Human,Brown,Marvel Comics,,185,203,1009558,50,75,47,97,62,56,387
Sasquatch,good,Male,red,,Orange,Marvel Comics,,305,900,1011822,75,80,23,56,15,42,291
Sauron,bad,Male,,Maiar,,J. R. R. Tolkien,,279,-99,1009561,,,,,,,
Savage Dragon,good,Male,,,,Image Comics,,-99,-99,1011823,63,70,54,85,49,72,393
Scarecrow,bad,Male,blue,Human,Brown,DC Comics,,183,63,1011824,81,10,12,14,48,50,215
Scarlet Spider,good,Male,blue,Human,Blond,Marvel Comics,,178,74,1011825,75,53,60,74,39,56,357
Scarlet Spider II,good,Male,brown,Clone,Brown,Marvel Comics,,193,113,1011826,88,55,60,40,30,56,329
Scarlet Witch,bad,Female,blue,Mutant,Brown,Marvel Comics,,170,59,1009562,88,10,23,42,67,28,258
Scorpia,bad,Female,green,,Red,Marvel Comics,,-99,-99,1011827,38,28,42,28,34,28,198
Scorpion,bad,Male,brown,Human,Brown,Marvel Comics,,211,310,1011828,50,52,60,85,49,80,376
Sebastian Shaw,bad,Male,,Mutant,,Marvel Comics,,-99,-99,1009581,,,,,,,
Sentry,neutral,Male,blue,Mutant,Blond,Marvel Comics,,188,87,1011829,75,80,58,84,97,54,448
Shadow King,good,-,red,,,Marvel Comics,,185,149,1009573,75,12,27,100,100,75,389
Shadow Lass,good,Female,black,Talokite,Black,DC Comics,blue,173,54,1011830,,,,,,,
Shadowcat,good,Female,hazel,Mutant,Brown,Marvel Comics,,168,50,1009574,88,8,21,25,69,70,281
Shang-Chi,good,Male,brown,Human,Black,Marvel Comics,,178,79,1009577,63,12,30,50,25,100,280
Shatterstar,good,Male,brown,,Red,Marvel Comics,,191,88,1009580,63,48,45,64,42,84,346
She-Hulk,good,Female,green,Human,Green,Marvel Comics,,201,315,1011831,69,100,42,100,33,70,414
She-Thing,good,Female,blue,Human / Radiation,No Hair,Marvel Comics,,183,153,1011832,1,1,1,1,0,1,5
Shocker,bad,Male,brown,Human,Brown,Marvel Comics,,175,79,1011833,63,10,23,70,63,56,285
Shriek,good,Female,yellow / blue,,Black,Marvel Comics,,173,52,1009587,50,10,23,28,45,42,198
Shrinking Violet,good,Female,,,,DC Comics,,-99,-99,1011834,1,1,1,1,0,1,5
Sif,good,Female,blue,Asgardian,Black,Marvel Comics,,188,191,1009588,50,57,25,52,19,70,273
Silk,good,Female,brown,Human,Black,Marvel Comics,,-99,-99,1011835,,,,,,,
Silk Spectre,good,Female,,,,DC Comics,,-99,-99,1011836,,,,,,,
Silk Spectre II,good,Female,,,,DC Comics,,-99,-99,1011837,1,1,1,1,0,1,5
Silver Surfer,good,Male,white,Alien,No Hair,Marvel Comics,silver,193,101,1009592,63,100,84,101,100,32,480
Silverclaw,good,Female,brown,,Black,Marvel Comics,,157,50,1010864,50,28,35,42,34,42,231
Simon Baz,good,Male,bown,Human,Black,DC Comics,,-99,-99,1011838,,,,,,,
Sinestro,neutral,Male,black,Korugaran,Black,DC Comics,red,201,92,1011839,75,80,53,64,100,56,428
Siren,bad,Female,blue,Atlantean,Purple,DC Comics,,175,72,1011840,38,10,12,14,55,28,157
Siren II,bad,Female,black,,,DC Comics,,-99,-99,1011841,1,1,1,1,0,1,5
Siryn,bad,Female,blue,,Strawberry Blond,Marvel Comics,,168,52,1011842,38,8,47,28,50,42,213
Skaar,good,Male,green,,Black,Marvel Comics,,198,180,1011223,50,85,27,90,62,85,399
Snake-Eyes,bad,Male,,Animal,,Marvel Comics,,-99,-99,1011843,,,,,,,
Snowbird,good,Female,white,,Blond,Marvel Comics,,178,49,1009606,50,32,27,42,63,52,266
Sobek,good,Male,white,,No Hair,DC Comics,,-99,-99,1011844,50,34,23,46,20,56,229
Solomon Grundy,bad,Male,black,Zombie,White,DC Comics,,279,437,1011845,9,93,13,100,78,30,323
Songbird,good,Female,green,,Red / White,Marvel Comics,,165,65,1010693,75,36,27,42,55,56,291
Space Ghost,good,Male,,Human,,DC Comics,,188,113,1011846,38,18,33,40,90,80,299
Spawn,good,Male,brown,Demon,Black,Image Comics,,211,405,1011847,75,60,50,90,100,95,470
Spectre,good,Male,white,God / Eternal,No Hair,DC Comics,white,-99,-99,1011848,1,1,1,1,0,1,5
Speedball,good,Male,,,,Marvel Comics,,-99,-99,1011849,1,1,1,1,0,1,5
Speedy,good,Male,,Human,,DC Comics,,-99,-99,1011850,1,1,1,1,0,1,5
Spider-Carnage,bad,Male,,Symbiote,,Marvel Comics,,-99,-99,1011851,1,1,1,1,0,1,5
Spider-Girl,good,Female,blue,Human,Brown,Marvel Comics,,170,54,1011852,63,38,60,65,46,75,347
Spider-Gwen,good,Female,blue,Human,Blond,Marvel Comics,,165,56,1011853,,,,,,,
Spider-Man,good,Male,hazel,Human,Brown,Marvel Comics,,178,74,1009610,88,55,60,74,58,85,420
Spider-Woman,good,Female,green,Human,Black,Marvel Comics,,178,59,1011854,50,42,42,32,62,52,280
Spider-Woman II,good,Female,,,,Marvel Comics,,-99,-99,1011855,1,1,1,1,0,1,5
Spider-Woman III,good,Female,brown,,Brown,Marvel Comics,,173,55,1011856,50,48,27,42,60,28,255
Spider-Woman IV,bad,Female,red,,White,Marvel Comics,,178,58,1011857,1,1,1,1,0,1,5
Spock,good,Male,brown,HumanVulcan,Black,Star Trek,,185,81,1011858,,,,,,,
Spyke,good,Male,brown,Mutant,Blond,Marvel Comics,,183,83,1011859,50,12,17,60,41,30,210
Stacy X,good,Female,,,,Marvel Comics,,-99,-99,1009618,1,1,1,1,0,1,5
Star-Lord,good,Male,blue,HumanSpartoi,Blond,Marvel Comics,,188,79,1011860,,,,,,,
Stardust,good,Male,,,,Marvel Comics,,-99,-99,1010764,88,85,100,110,100,85,568
Starfire,good,Female,green,Tamaranean,Auburn,DC Comics,orange,193,71,1011861,50,80,33,85,59,70,377
Stargirl,good,Female,blue,Human,Blond,DC Comics,,165,62,1011862,50,40,27,90,71,56,334
Static,good,Male,brown,Mutant,Black,DC Comics,,170,63,1011863,,,,,,,
Steel,good,Male,brown,,No Hair,DC Comics,,201,131,1011864,81,82,53,90,64,64,434
Stephanie Powell,good,Female,,,Blond,ABC Studios,,-99,-99,1011865,69,10,54,10,17,10,170
Steppenwolf,bad,Male,red,New God,Black,DC Comics,white,183,91,1011866,,,,,,,
Storm,good,Female,blue,Mutant,White,Marvel Comics,,180,57,1009629,75,10,47,30,88,75,325
Stormtrooper,bad,Male,,Human,,George Lucas,,183,-99,1011867,,,,,,,
Sunspot,good,Male,brown,Mutant,Black,Marvel Comics,,173,77,1009638,63,63,35,25,79,70,335
Superboy,good,Male,blue,,Black,DC Comics,,170,68,1011868,75,95,83,90,84,60,487
Superboy-Prime,bad,Male,blue,Kryptonian,Black / Blue,DC Comics,,180,77,1011869,94,100,100,100,100,85,579
Supergirl,good,Female,blue,Kryptonian,Blond,DC Comics,,165,54,1011870,94,98,92,100,85,75,544
Superman,good,Male,blue,Kryptonian,Black,DC Comics,,191,101,1011871,100,100,100,100,94,85,579
Swamp Thing,bad,Male,red,God / Eternal,No Hair,DC Comics,green,-99,-99,1011872,88,80,23,100,66,56,413
Swarm,bad,Male,yellow,Mutant,No Hair,Marvel Comics,yellow,196,47,1011075,,,,,,,
Sylar,bad,Male,,,,NBC - Heroes,,-99,-99,1011873,75,10,12,28,91,56,272
Synch,good,Male,brown,,Black,Marvel Comics,,180,74,1009643,75,67,23,28,74,56,323
T-1000,bad,Male,,Android,,Dark Horse Comics,silver,183,146,1011874,,,,,,,
T-800,bad,Male,red,Cyborg,,Dark Horse Comics,,-99,176,1011875,,,,,,,
T-850,bad,Male,red,Cyborg,,Dark Horse Comics,,-99,198,1011876,,,,,,,
T-X,bad,Female,,Cyborg,,Dark Horse Comics,silver,-99,149,1011877,,,,,,,
Taskmaster,bad,Male,brown,Human,Brown,Marvel Comics,,188,99,1009648,,,,,,,
Tempest,good,Female,brown,,Black,Marvel Comics,,163,54,1009650,38,10,45,28,62,60,243
Thanos,bad,Male,red,Eternal,No Hair,Marvel Comics,purple,201,443,1009652,88,100,17,100,100,80,485
The Cape,good,Male,,,,,,-99,-99,1011878,38,10,23,32,22,64,189
The Comedian,neutral,Male,brown,Human,Black,DC Comics,,188,101,1011879,63,14,17,10,12,80,196
Thing,good,Male,blue,Human / Radiation,No Hair,Marvel Comics,,183,225,1009662,75,84,21,90,26,80,376
Thor,good,Male,blue,Asgardian,Blond,Marvel Comics,,198,288,1009664,69,100,92,100,100,85,546
Thor Girl,good,Female,blue,Asgardian,Blond,Marvel Comics,,175,143,1010820,75,83,70,84,100,70,482
Thunderbird,good,Male,brown,,Black,Marvel Comics,,185,101,1011880,50,32,27,32,14,70,225
Thunderbird II,good,Male,,,,Marvel Comics,,-99,-99,1011881,1,1,1,1,0,1,5
Thunderbird III,good,Male,brown,,Black,Marvel Comics,,175,74,1011882,1,1,1,1,0,1,5
Thunderstrike,good,Male,blue,,Blond,Marvel Comics,,198,288,1011883,63,80,70,84,31,72,400
Thundra,good,Female,green,,Red,Marvel Comics,,218,158,1011304,38,81,32,64,26,54,295
Tiger Shark,bad,Male,grey,Human,No Hair,Marvel Comics,grey,185,203,1009669,38,72,42,70,21,28,271
Tigra,good,Female,green,,Auburn,Marvel Comics,,178,81,1011884,63,32,53,38,33,90,309
Tinkerer,bad,Male,brown,,White,Marvel Comics,,163,54,1011345,100,10,23,14,10,14,171
Titan,good,Male,,,,HarperCollins,,-99,-99,1011885,1,1,1,1,0,1,5
Toad,neutral,Male,black,Mutant,Brown,Marvel Comics,green,175,76,1009673,50,34,58,56,49,28,275
Toxin,good,Male,blue,Symbiote,Brown,Marvel Comics,,188,97,1009676,56,73,70,84,75,70,428
Tracy Strauss,good,Female,,,,NBC - Heroes,,-99,-99,1011886,1,1,1,1,0,1,5
Trickster,-,Male,blue,Human,Blond,DC Comics,,183,81,1011887,1,1,1,1,0,1,5
Trigon,bad,Male,yellow,God / Eternal,Black,DC Comics,red,-99,-99,1011888,,,,,,,
Triplicate Girl,good,Female,purple,,Brown,DC Comics,,168,59,1011889,63,10,23,42,44,42,224
Triton,good,Male,green,Inhuman,No Hair,Marvel Comics,green,188,86,1010335,,,,,,,
Two-Face,bad,Male,,,,DC Comics,,183,82,1011890,88,10,12,14,9,28,161
Ultragirl,good,Female,blue,,Blond,Marvel Comics,,168,105,1011891,50,80,35,70,35,80,350
Ultron,bad,Male,red,Android,,Marvel Comics,silver,206,331,1009685,88,83,42,100,100,64,477
Utgard-Loki,bad,Male,blue,Frost Giant,White,Marvel Comics,,15.2,58,1011892,50,80,23,84,72,64,373
Vagabond,good,Female,blue,,Strawberry Blond,Marvel Comics,,168,54,1011893,1,1,1,1,0,1,5
Valerie Hart,good,Female,hazel,,Black,Team Epic TV,,175,56,1011894,1,1,1,1,0,1,5
Valkyrie,good,Female,blue,,Blond,Marvel Comics,,191,214,1011895,1,1,1,1,0,1,5
Vanisher,bad,Male,green,,No Hair,Marvel Comics,,165,79,1011896,63,10,75,56,39,42,285
Vegeta,bad,Male,,Saiyan,Black,Shueisha,,168,73,1011897,,,,,,,
Venom,bad,Male,blue,Symbiote,Strawberry Blond,Marvel Comics,,191,117,1011898,75,57,65,84,79,84,444
Venom II,bad,Male,brown,,Black,Marvel Comics,,175,50,1011899,50,57,47,70,54,56,334
Venom III,bad,Male,brown,Symbiote,Brown,Marvel Comics,,229,334,1011900,63,73,35,90,66,56,383
Venompool,-,Male,,Symbiote,,Marvel Comics,,226,-99,1011901,,,,,,,
Vertigo II,good,Female,blue,,Silver,Marvel Comics,,168,52,1011902,1,1,1,1,0,1,5
Vibe,good,Male,brown,Human,Black,DC Comics,,178,71,1011903,,,,,,,
Vindicator,good,Female,green,Human,Red,Marvel Comics,,165,54,1009695,1,1,1,1,0,1,5
Violator,bad,Male,,,,Image Comics,,-99,-99,1011904,1,1,1,1,0,1,5
Violet Parr,good,Female,violet,Human,Black,Dark Horse Comics,,137,41,1011905,,,,,,,
Vision,good,Male,gold,Android,No Hair,Marvel Comics,red,191,135,1009697,100,72,54,95,76,70,467
Vision II,good,-,red,,No Hair,Marvel Comics,,191,135,1011906,1,1,1,1,0,1,5
Vixen,good,Female,amber,Human,Black,DC Comics,,175,63,1011907,,,,,,,
Vulcan,good,Male,black,,Black,Marvel Comics,,-99,-99,1011908,1,1,1,1,0,1,5
Vulture,bad,Male,brown,Human,No Hair,Marvel Comics,,180,79,1011909,63,22,47,56,40,56,284
Walrus,bad,Male,blue,Human,Black,Marvel Comics,,183,162,1011910,50,28,8,50,11,20,167
War Machine,good,Male,brown,Human,Brown,Marvel Comics,,185,95,1011911,63,80,63,100,100,85,491
Warbird,good,Female,blue,,Blond,Marvel Comics,,180,54,1009703,1,1,1,1,0,1,5
Warlock,good,Male,red,,Blond,Marvel Comics,,188,108,1011912,88,36,79,95,71,95,464
Warp,bad,Male,brown,,Black,DC Comics,,173,67,1011913,38,10,23,28,63,50,212
Warpath,good,Male,brown,Mutant,Black,Marvel Comics,,218,158,1009705,38,72,47,70,26,84,337
Wasp,good,Female,blue,Human,Auburn,Marvel Comics,,163,50,1009707,63,8,58,52,23,42,246
Watcher,good,Male,,,,Marvel Comics,,-99,-99,1011914,100,80,67,89,100,56,492
Weapon XI,bad,Male,,,,Marvel Comics,,-99,-99,1011915,1,1,1,1,0,1,5
White Canary,bad,Female,brown,Human,Black,DC Comics,,-99,-99,1011916,,,,,,,
White Queen,good,Female,blue,,Blond,Marvel Comics,,178,65,1011917,1,1,1,1,0,1,5
Wildfire,good,Male,,,,DC Comics,,-99,-99,1011918,50,32,23,100,77,42,324
Winter Soldier,good,Male,brown,Human,Brown,Marvel Comics,,175,117,1010740,56,32,35,65,60,84,332
Wiz Kid,good,-,brown,,Black,Marvel Comics,,140,39,1011919,1,1,1,1,0,1,5
Wolfsbane,good,Female,green,,Auburn,Marvel Comics,,366,473,1009717,38,16,35,42,26,42,199
Wolverine,good,Male,blue,Mutant,Black,Marvel Comics,,160,135,1009718,55,32,38,100,44,100,369
Wonder Girl,good,Female,blue,DemiGod,Blond,DC Comics,,165,51,1011920,75,90,25,80,39,60,369
Wonder Man,good,Male,red,,Black,Marvel Comics,,188,171,1009719,75,100,53,90,64,64,446
Wonder Woman,good,Female,blue,Amazon,Black,DC Comics,,183,74,1011921,88,100,50,100,42,100,480
Wondra,good,Female,,,,Marvel Comics,,-99,-99,1011922,1,1,1,1,0,1,5
Wyatt Wingfoot,good,Male,brown,,Black,Marvel Comics,,196,117,1011923,10,10,12,1,1,56,90
X-23,good,Female,green,Mutant / Clone,Black,Marvel Comics,,155,50,1009722,75,24,35,90,27,85,336
X-Man,good,Male,blue,,Brown,Marvel Comics,,175,61,1009725,88,53,53,95,92,84,465
Yellow Claw,bad,Male,blue,,No Hair,Marvel Comics,,188,95,1009736,1,1,1,1,0,1,5
Yellowjacket,good,Male,blue,Human,Blond,Marvel Comics,,183,83,1011924,88,10,12,28,12,14,164
Yellowjacket II,good,Female,blue,Human,Strawberry Blond,Marvel Comics,,165,52,1011925,50,10,35,28,31,28,182
Ymir,good,Male,white,Frost Giant,No Hair,Marvel Comics,white,304.8,-99,1011926,50,100,27,100,83,28,388
Yoda,good,Male,brown,Yoda's species,White,George Lucas,green,66,17,1011927,,,,,,,
Zatanna,good,Female,blue,Human,Black,DC Comics,,170,57,1011928,75,10,23,28,100,56,292
Zoom,bad,Male,red,,Brown,DC Comics,,185,81,1011929,50,10,100,28,72,28,288
